no,Nama,Alamat,Latitude,Longtitude,Kode_Pos,Luas,Kapasitas,Keterangan_Lantai,Kode_Wilayah_1,Kode_Wilayah_2,Link_Maps,Jenis_Bencana
1,BPBD Kabupaten Cilacap,"Jl. Swadaya No.20, Pendowo, Tambakreja, Kec. Cilacap Sel., Kabupaten Cilacap, Jawa Tengah 53211",-7.734929,109.006075,533520,132,460,Lantai 2,3301710001,3301710,https://goo.gl/maps/Tnm3apt8MpzmmLBT8,Tsunami dan Banjir
2,SMP N 1 Cilacap,"Jl. Jend. Ahmad Yani No.15, Bonduren, Tambakreja, Kec. Cilacap Sel., Kabupaten Cilacap, Jawa Tengah 53211",-7.7385152,109.0090731,531133,1491,970,Lantai 1 - 4,3301710001,3301710,https://goo.gl/maps/i24oddeWuwkEWkXk8,Tsunami dan Banjir
3,Politeknik Negeri Cilacap,"Jalan Dokter Soetomo No.1, Karangcengis, Sidakaya, Kec. Cilacap Sel., Kabupaten Cilacap, Jawa Tengah 53212",-7.717469,109.019929,520717,5292,17640,Lantai 3 + Lantai 4,3301710003,3301710,https://goo.gl/maps/p5HrgBtcSsdHwb9f9,Tsunami dan Banjir
4,RSUD Cilacap,"Jl. Gatot Subroto No.28, Tambaksari, Sidanegara, Kec. Cilacap Tengah, Kabupaten Cilacap, Jawa Tengah 53223",-7.717244,109.015319,535233,0,600,Lantai 2,3301720004,3301720,https://goo.gl/maps/6JUzPHaD4HUbtRbPA,Tsunami dan Banjir
5,Akbid Graha Mandiri,"Jalan Dokter Soetomo No:4 - B, Sidakaya Dua, Sidakaya, Kec. Cilacap Sel., Kabupaten Cilacap, Jawa Tengah 52530",-7.726977,109.015649,534908,560,1866,Lantai 2,3301710003,3301710,https://goo.gl/maps/nYuQczDHDnTscVZA7,Tsunami dan Banjir
6,Asrama Putri Stikes Al-Irsyad ,"Jl.kinibalu,Sidanegara, Cilacap Tengah, Wanasari, Sidanegara, Kec. Cilacap Tengah, Kabupaten Cilacap, Jawa Tengah 53212",-7.711226,109.020901,5253465,1700,5333,Lantai 2 + Lantai 3,3301720004,3301720,https://goo.gl/maps/fzFywA6bqkBDRjMX6,Tsunami dan Banjir
7,SD Al-Irsyad 01,"Jl. Jend. Sudirman No.56, Kandang Macan, Tegalreja, Kec. Cilacap Sel., Kabupaten Cilacap, Jawa Tengah 53212",-7.727568,109.006065,535859,1221,4070,Lantai 2 + Lantai 3,3301710002,3301710,https://goo.gl/maps/sgqQ9Ss9btNiesuE8,Tsunami dan Banjir
8,Rusunawa,"Karangmulia, Tegalkamulyan, Kec. Cilacap Sel., Kabupaten Cilacap, Jawa Tengah",-7.72616847635696,109.022174308152,533635,886,2953,Lantai 3,3301710005,3301710,https://goo.gl/maps/Qjjb4QFgs6UHPEmUA,Tsunami dan Banjir
9,AMN Cilacap,"Jl. Kendeng No.307, Rawapasung, Sidanegara, Kec. Cilacap Tengah, Kabupaten Cilacap, Jawa Tengah 53223",-7.70348513473806,109.020097978894,5070154,1344,4480,Lantai 2- Lantai 8,3301720004,3301720,https://g.page/EJHOBOY?share,Tsunami dan Banjir
10,RSI Fatimah,"Jl. Ir. H. Juanda No.20, Amiranom, Kebonmanis, Kec. Cilacap Utara, Kabupaten Cilacap, Jawa Tengah 53224",-7.69186711620594,109.025193046682,542396,490,1633,Lantai 2,3301730001,3301730,https://goo.gl/maps/KPCDiH2BYBcEJiwN7,Tsunami dan Banjir
11,Badan Diklat Arsip dan Perpusd,"Jl. Jend. Sudirman No.12, Cilacap, Sidanegara, Kec. Cilacap Tengah, Kabupaten Cilacap, Jawa Tengah 53283",-7.72762720308624,109.014684869685,521183,736,2453,Lantai 2,3301720004,3301720,https://goo.gl/maps/1V6WgFxJqoYvvVC4A,Tsunami dan Banjir
12,DPRD Kabupaten Cilacap,"Jl. Jend. Sudirman No.52, Kandang Macan, Tegalreja, Kec. Cilacap Sel., Kabupaten Cilacap, Jawa Tengah 53212",-7.72761632763037,109.006451888681,533003,2150,7166,Lantai 2,3301710002,3301710,https://goo.gl/maps/7dSF5coBsjWk2VrN9,Tsunami dan Banjir
13,SMP Pius Cilacap,"Sidakaya Satu, Tambakreja, Kec. Cilacap Sel., Kabupaten Cilacap, Jawa Tengah 53213",-7.73607785199668,109.009633494289,534285,256,853,Lantai 2,3301710001,3301710,https://goo.gl/maps/uDn8TqL7wukdbxew8,Tsunami dan Banjir
14,SMP Negeri 3 Cilacap,"Jl. Letnan Jend. Suprapto No.63, Kandang Macan, Tegalreja, Kec. Cilacap Selatan, Kabupaten Cilacap, Jawa Tengah",-7.728074,109.001426,533714,700,2333,Lantai 2,3301710002,3301710,https://goo.gl/maps/GDJg7oW9baqFNmoX6,Tsunami dan Banjir
15,SMP Purnama 1 Cilacap,"Jalan Dokter Soetomo No.144, Sidakaya Dua, Sidakaya, Kec. Cilacap Sel., Kabupaten Cilacap, Jawa Tengah 53211",-7.723779,109.017025,535092,350,1166,Lantai 2,3301710003,3301710,https://goo.gl/maps/Q6jW5bwJPvuAT3dbA,Tsunami dan Banjir
16,SMP Negeri 2 Cilacap,"Jl. DI Panjaitan 31-45, Kandang Macan, Tegalreja, Kec. Cilacap Sel., Kabupaten Cilacap, Jawa Tengah 53213",-7.723603,109.005587,533866,1015,3383,Lantai 2,3301710002,3301710,https://goo.gl/maps/3sqjY9tSLZm9qkh76,Tsunami dan Banjir
17,Masjid Al-Jihad,"Jl. Urip Sumoharjo, Cilumpang, Gumilir, Kec. Cilacap Utara, Kabupaten Cilacap, Jawa Tengah 53232",-7.682287,109.048005,543624,144,480,Lantai 2,3301730002,3301730,https://goo.gl/maps/fbRyuk2h8cCN2NKp9,Tsunami dan Banjir
18,SMA Negeri 1 Cilacap,"Jl. MT. Haryono No. 730, Tegalreja, Cilacap, Pasiran, Donan, Kec. Cilacap Tengah, Jawa Tengah, 53213",-7.713985,109.005431,533765,1371,4570,Lantai 2,3301710002,3301710,https://goo.gl/maps/pnvXjPnXrSxxgoHt8,Tsunami dan Banjir
19,RSU Santa Maria Cilacap,"Jl. Jend. Ahmad Yani No.38, Sidakaya Satu, Sidakaya, Kec. Cilacap Sel., Kabupaten Cilacap, Jawa Tengah 53211",-7.7361689,109.0097301,0,180,600,Lantai 2,3301710003,3301710,https://goo.gl/maps/mmuBWQnSr7oMzV7Q8,Tsunami dan Banjir
20,Kantor Kelurahan Mertasinga,"Jl. Urip Sumoharjo No.89, Limbangan, Mertasinga, Kec. Cilacap Utara, Kabupaten Cilacap, Jawa Tengah 53274",-7.6783886,109.0555327,541427,200,666,Lantai 2,3301730003,3301730,https://goo.gl/maps/V1BFNy6KgpH68HFY8,Tsunami dan Banjir
21,Gedung Golkar,"Jl. Perwira, Cilacap, Sidanegara, Kec. Cilacap Tengah, Kabupaten Cilacap, Jawa Tengah 53212",-7.723753,109.010784,531782,450,1500,Lantai 2,3301720004,3301720,https://goo.gl/maps/Y1RDLcc7m1ChEvrYA,Tsunami dan Banjir
22,SMA Sri Mukti Cilacap,"Jl. Bawean No.293, Klempang, Gunungsimping, Kec. Cilacap Tengah, Kabupaten Cilacap, Jawa Tengah 53212",-7.7083942,109.0220419,534415,756,2520,Lantai 2 dan Lantai 3,3301720005,3301720,https://goo.gl/maps/img2T24eCy9KQbSL9,Tsunami dan Banjir
23,SMP Muhammadiyah 1,"Jl. Letnan Jend. Suprapto No.63, Pasiran, Tegalreja, Kec. Cilacap Sel., Kabupaten Cilacap, Jawa Tengah 53214",-7.7207021,109.0068647,533748,960,3200,Lantai 2,3301710002,3301710,https://goo.gl/maps/9ZKGWc4Zf5CcpwzE8,Tsunami dan Banjir
24,SMP Muhammadiyah 2,"Jl. Damar No.14, Rawagaru Wetan, Tritih Kulon, Kec. Cilacap Utara, Kabupaten Cilacap, Jawa Tengah 53231",-7.680848,109.0372534,541303,392,1306,Lantai 2,3301730004,3301730,https://goo.gl/maps/fESCjQ5yRWDtpYRG9,Tsunami dan Banjir
25,SMP PGRI 1 Cilacap,"Jl. Rama, Trajumas, Gumilir, Kec. Cilacap Utara, Kabupaten Cilacap, Jawa Tengah 53231",-7.6861251,109.0478478,540994,546,1820,Lantai 2,3301730002,3301730,https://goo.gl/maps/JrSEnLXj49oL1sDr5,Tsunami dan Banjir
26,SMP Purnama 2 Cilacap,"Jl. DI Panjaitan No.35, RT.04/RW.05, Gobok, Donan, Kec. Cilacap Tengah, Kabupaten Cilacap, Jawa Tengah 53211",-7.7239469,109.0054492,532264,700,1166,Lantai 2,3301720003,3301720,https://goo.gl/maps/GcdrXwZMTvCcDj1u7,Tsunami dan Banjir
27,SMP Negeri 8 Cilacap,"Jl. Jend. Sudirman No.29, Sidakaya Dua, Sidakaya, Kec. Cilacap Sel., Kabupaten Cilacap, Jawa Tengah 53121",-7.7281032,109.0109191,534121,702,2340,Lantai 2,3301710003,3301710,https://goo.gl/maps/gpQtrEU4ykC7zzam7,Tsunami dan Banjir
28,SMK YPE Cilacap,"Jalan Doktor Soetomo No. 8, Sidanegara, Cilacap Tengah, Cilacap, Sidanegara, Kec. Cilacap Tengah, Kabupaten Cilacap, Jawa Tengah",-7.726644,109.0153868,531809,1008,3360,Lantai 2,3301720004,3301720,https://goo.gl/maps/3vcREndySauL43u89,Tsunami dan Banjir
29,SMP Negeri 4 Cilacap,"Jalan Dr. Sutomo No. 13, Rawasrengseng, Sidanegara, Kec. Cilacap Tengah, Kabupaten Cilacap, Jawa Tengah 53211",-7.713808,109.0220023,533254,857,2856,Lantai 2,3301720004,3301720,https://goo.gl/maps/otwvHjQDG3PRj5d16,Tsunami dan Banjir
30,SMP Negeri 6 Cilacap,"Jl. Rinjani, Perumahan Pertamina, Sidanegara, Kec. Cilacap Tengah, Kabupaten Cilacap, Jawa Tengah 53212",-7.7109866,109.0129106,542743,0,440,Lantai 2,3301720004,3301720,https://goo.gl/maps/YS8RhXyFoJgqbmRf6,Tsunami dan Banjir
31,SD Negeri Tegalreja 01,"Jl. MT. Haryono 56-54, Pasiran, Tegalreja, Kec. Cilacap Sel., Kabupaten Cilacap, Jawa Tengah 53213",-7.714913,109.005655,537461,339,1130,Lantai 2,3301710002,3301710,https://goo.gl/maps/8YSDE5h6MrJwdimFA,Tsunami dan Banjir
32,SMA Al-Irsyad Cilacap,"Jl. Jend. Sudirman No.70, Gobok, Donan, Kec. Cilacap Tengah, Kabupaten Cilacap, Jawa Tengah 53213",-7.7273491,109.0044836,521528,1240,4130,Lantai 2,3301720003,3301720,https://goo.gl/maps/XRtMLRxotJFcqRm29,Tsunami dan Banjir
33,SD Negeri Tegalreja 02,"Jalan MT.Haryono No.69, Tegalreja, Cilacap selatan, Banyusrep, Lomanis, Kec. Cilacap Tengah, Kabupaten Cilacap, Jawa Tengah 5321",-7.6908329,109.0083077,537460,59,196,Lantai 2,3301710002,3301710,https://goo.gl/maps/BdEVWvnUE3bPAiSSA,Tsunami dan Banjir
34,Masjid Agung Darussalam,"Cilacap, Sidanegara, Kec. Cilacap Tengah, Kabupaten Cilacap, Jawa Tengah 53212",-7.7274776,109.0086778,53343,325,975,Lantai 2,3301720004,3301720,https://goo.gl/maps/uez6zhBf1MQL8i1eA,Tsunami dan Banjir
35,Hotel 3 Intan,"Jl. RE. Martadinata No.192, Proliman, Tambakreja, Kec. Cilacap Sel., Kabupaten Cilacap, Jawa Tengah 53213",-7.7327872,108.9990032,521285,2000,6000,Lantai 2,3301710001,3301710,https://goo.gl/maps/8gAdFLXUMP9jLTzm8,Tsunami dan Banjir
36,Hotel Mutiara,"Jl. Gatot Subroto No.136, Wanasari, Gunungsimping, Kec. Cilacap Tengah, Kabupaten Cilacap, Jawa Tengah 53224",-7.7090125,109.0192032,531545,300,900,Lantai 2,3301720005,3301720,https://goo.gl/maps/DVdRtRazCZQrBF746,Tsunami dan Banjir
37,PMI Cilacap,"Jl. Urip Sumoharjo No.174, Cilumpang, Gumilir, North Cilacap, Cilacap Regency, Central Java 53274",-7.6806311,109.0504556,542201,324,1080,Lantai 2,3301730002,3301730,https://goo.gl/maps/8dG4ahT6DxhT5oPx5,Tsunami dan Banjir
38,SMA Yos Sudarso,"Jl. Jend. Ahmad Yani No.54, Dafam Cilacap, Sidakaya, Kec. Cilacap Sel., Kabupaten Cilacap, Jawa Tengah 53211",-7.7338135,109.0096785,0,0,850,Lantai 2,3301710003,3301710,https://goo.gl/maps/thVun6Q6gjUQjJf48,Tsunami dan Banjir
39,Rumah Sakit Aprilia,Jl. Gatot Subroto,-7.712523,109.01679,0,0,0,0,3301720004,3301720,https://goo.gl/maps/PHJXArn4XSAfeHBi6,"Angin kencang, Tanah longsor, dan Gempa bumi"
40,Balai Desa Panulisan Barat,"Batubutut, Panulisan Bar., Kec. Dayeuhluhur, Kabupaten Cilacap, Jawa Tengah 53266",-7.30311,108.573078,0,0,0,-,3301010001,3301010,https://goo.gl/maps/vTDFGMJQiAKL7CFb6,"Angin kencang, Tanah longsor, dan Gempa bumi"
41,Balai Desa Panulisan,"Panulisan, Kec. Dayeuhluhur, Kabupaten Cilacap, Jawa Tengah 53266",-7.307873,108.580217,0,0,0,-,3301010002,3301010,https://goo.gl/maps/RDsmXTXKZWsfvJHB7,"Angin kencang, Tanah longsor, dan Gempa bumi"
42,Balai Desa Panulisan Timur,"Tim., Cimanceung, Panulisan Tim., Kec. Dayeuhluhur, Kabupaten Cilacap, Jawa Tengah 53266",-7.30256,108.599943,0,0,0,-,3301010003,3301010,https://goo.gl/maps/hj4SjwLW1XqJyoeD6,"Angin kencang, Tanah longsor, dan Gempa bumi"
43,Balai Desa Karangrena,"Jl. Rajawali, Karangrena, Kec. Maos, Kabupaten Cilacap, Jawa Tengah 53272",-7.607614387,109.1286205,\\N,0,0,\\N,3301160004,3301160,https://goo.gl/maps/CNz2h88Dyu52GyBF9,"Angin kencang, Tanah longsor, dan Gempa bumi"
44,Balai Desa Maos Kidul,"Tegong, Maos Kidul, Kec. Maos, Kabupaten Cilacap, Jawa Tengah 53272",-7.607706169,109.1458109,\\N,0,0,\\N,3301160005,3301160,https://goo.gl/maps/oAoCGixVsFXmVToJ6,"Angin kencang, Tanah longsor, dan Gempa bumi"
45,Balai Desa Maos Lor,"Jl. Wates Timur, Lancar, Maos Lor, Kec. Maos, Kabupaten Cilacap, Jawa Tengah 53272",-7.593684279,109.1481188,\\N,0,0,\\N,3301160006,3301160,https://goo.gl/maps/Ts6uQqvTMKyL8Pmv9,"Angin kencang, Tanah longsor, dan Gempa bumi"
46,Balai Desa Kalijaran,"Kalijaran, Kec. Maos, Kabupaten Cilacap, Jawa Tengah 53272",-7.610311337,109.1700748,\\N,0,0,\\N,3301160007,3301160,https://goo.gl/maps/KuDg1Bbmv1DL1f3G9,"Angin kencang, Tanah longsor, dan Gempa bumi"
47,Balai Desa Mernek,"Jl. Mersik, Mernek, Kec. Maos, Kabupaten Cilacap, Jawa Tengah 53272",-7.612390119,109.1794118,\\N,0,0,\\N,3301160008,3301160,https://goo.gl/maps/sfGsffPfK8F4K3VF6,"Angin kencang, Tanah longsor, dan Gempa bumi"
48,Balai Desa Penisihan,"Penisihan, Panisihan, Kec. Maos, Kabupaten Cilacap, Jawa Tengah 53272",-7.585280064,109.1576929,\\N,0,0,\\N,3301160009,3301160,https://goo.gl/maps/Ww397HRsWDkD3ntAA,"Angin kencang, Tanah longsor, dan Gempa bumi"
49,Balai Desa Glempang,"Jalan Raya, Glempang Tengah, Glempang, Kec. Maos, Kabupaten Cilacap, Jawa Tengah 53272",-7.577773384,109.1672232,\\N,0,0,\\N,3301160010,3301160,https://goo.gl/maps/A3NcKx4LZ5pDeU6H9,"Angin kencang, Tanah longsor, dan Gempa bumi"
50,Balai Desa Paketingan,"Jl. Margomulyo, Paketingan, Kec. Sampang, Kabupaten Cilacap, Jawa Tengah 53273",-7.583416243,109.1854239,\\N,0,0,\\N,3301170001,3301170,https://goo.gl/maps/RyWLF9HqCmcK2umV7,"Angin kencang, Tanah longsor, dan Gempa bumi"
51,Balai Desa Ketanggung,"Jl. Raya Sampang Sikampuh No.16, Ketanggung, Kec. Sampang, Kabupaten Cilacap, Jawa Tengah 53282",-7.602318578,109.1984939,\\N,0,0,\\N,3301170002,3301170,https://goo.gl/maps/7X8XBTxUW8ij1U5z9,"Angin kencang, Tanah longsor, dan Gempa bumi"
52,Balai Desa Nusajati,"Tinggarmalang, Nusajati, Kec. Sampang, Kabupaten Cilacap, Jawa Tengah 53282",-7.597090701,109.1991133,\\N,0,0,\\N,3301170003,3301170,https://goo.gl/maps/coUF3CMw9cnZaWJK7,"Angin kencang, Tanah longsor, dan Gempa bumi"
53,Balai Desa Paberasan,"Gununglaban, Paberasan, Kec. Sampang, Kabupaten Cilacap, Jawa Tengah 53282",-7.588606145,109.2306704,\\N,0,0,\\N,3301170004,3301170,https://goo.gl/maps/tGvEYhb3Fee782TQ6,"Angin kencang, Tanah longsor, dan Gempa bumi"
54,Balai Desa Karangjati,"Jl. Kapten Sukardan, Karangjati, Kec. Sampang, Kabupaten Cilacap, Jawa Tengah 53282",-7.581200895,109.2224442,\\N,0,0,\\N,3301170005,3301170,https://goo.gl/maps/1CbbJNtUUeGpUXd76,"Angin kencang, Tanah longsor, dan Gempa bumi"
55,Balai Desa Sidasari,"Jl. Sidamulya No.2, RT.08/RW.03, Sidasari, Kec. Sampang, Kabupaten Cilacap, Jawa Tengah 53273",-7.576864044,109.201582,\\N,0,0,\\N,3301170006,3301170,https://goo.gl/maps/9MjyeGd8QjrX8z4n7,"Angin kencang, Tanah longsor, dan Gempa bumi"
56,Balai Desa Karangasem,"Jl. Tipar, Karangasem, Kec. Sampang, Kabupaten Cilacap, Jawa Tengah 53273",-7.569695039,109.208944,\\N,0,0,\\N,3301170007,3301170,https://goo.gl/maps/cnH12yEzUSEnLPut8,"Angin kencang, Tanah longsor, dan Gempa bumi"
57,Balai Desa Sampang,"Jl. Gerilya No.57, Sampang Selatan, Sampang, Kec. Sampang, Kabupaten Cilacap, Jawa Tengah 53273",-7.56620612,109.2003484,\\N,0,0,\\N,3301170008,3301170,https://goo.gl/maps/DzLib3uG4t5gs32WA,"Angin kencang, Tanah longsor, dan Gempa bumi"
58,Balai Desa Karangtengah,"Jalur Gumilir  Purwokerto, Karangtengah, Kec. Sampang, Kabupaten Cilacap, Jawa Tengah 53273",-7.56453568,109.1887555,\\N,0,0,\\N,3301170009,3301170,https://goo.gl/maps/WiMS36YQrb1FADoQ9,"Angin kencang, Tanah longsor, dan Gempa bumi"
59,Balai Desa Brani,"Jl. Gerilya, Brani, Kec. Sampang, Kabupaten Cilacap, Jawa Tengah 53273",-7.558308463,109.1778585,\\N,0,0,\\N,3301170010,3301170,https://goo.gl/maps/pY5Wyx1DGSoHMFfS7,"Angin kencang, Tanah longsor, dan Gempa bumi"
60,Balai Desa Sikampuh,"Jl. LumbaLumba No.16, Kaliterus, Sikampuh, Kec. Kroya, Kabupaten Cilacap, Jawa Tengah 53282",-7.623278803,109.1969554,\\N,0,0,\\N,3301180001,3301180,https://goo.gl/maps/QWnvnCv7EVskJWceA,"Angin kencang, Tanah longsor, dan Gempa bumi"
61,Balai Desa Karangturi,"Jl. Turonggo No.787, Karangturi, Kec. Kroya, Kabupaten Cilacap, Jawa Tengah 53282",-7.648888735,109.2215571,\\N,0,0,\\N,3301180002,3301180,https://goo.gl/maps/s9ajLyBmGUN3G5deA,"Angin kencang, Tanah longsor, dan Gempa bumi"
62,Balai Desa Ayamalas,"Jl. Bhayangkara, Karangasem, Ayamalas, Kec. Kroya, Kabupaten Cilacap, Jawa Tengah 53281",-7.649014916,109.2415107,\\N,0,0,\\N,3301180003,3301180,https://goo.gl/maps/Pc6VhfSLTTZDURDv8,"Angin kencang, Tanah longsor, dan Gempa bumi"
63,Balai Desa Karangmangu,"Jl. Serayu II No.11, Kalisari, Karangmangu, Kec. Kroya, Kabupaten Cilacap, Jawa Tengah 53282",-7.639729181,109.2483182,\\N,0,0,\\N,3301180004,3301180,https://goo.gl/maps/ocW1XRMDZPQLaXk48,"Angin kencang, Tanah longsor, dan Gempa bumi"
64,Balai Desa Pucung Kidul,"Jl. Wijaya Kusuma No.1, Karangkemiri, Pucung Kidul, Kec. Kroya, Kabupaten Cilacap, Jawa Tengah 53282",-7.635810464,109.2713415,\\N,0,0,\\N,3301180005,3301180,https://goo.gl/maps/c24nTVhDyXtGWML89,"Angin kencang, Tanah longsor, dan Gempa bumi"
65,Balai Desa Mergawati,"Jl. Irian Jaya No.52, Ngulakawu, Mergawati, Kec. Kroya, Kabupaten Cilacap, Jawa Tengah 53282",-7.642952981,109.282631,\\N,0,0,\\N,3301180006,3301180,https://goo.gl/maps/GGSioZAZoCmegtJt7,"Angin kencang, Tanah longsor, dan Gempa bumi"
66,Balai Desa Pucung Lor,"Babakan, Pucung Lor, Kec. Kroya, Kabupaten Cilacap, Jawa Tengah 53282",-7.586622826,109.1134249,\\N,0,0,\\N,3301180007,3301180,https://goo.gl/maps/GCRj1VSP5A5WyE6Q8,"Angin kencang, Tanah longsor, dan Gempa bumi"
67,Balai Desa Bajing,"Jl. Letkol Sudarso No.11, Semingkir, Bajing, Kec. Kroya, Kabupaten Cilacap, Jawa Tengah 53282",-7.627507087,109.2517692,\\N,0,0,\\N,3301180008,3301180,https://goo.gl/maps/iGMaHnVFfQUw4mL2A,"Angin kencang, Tanah longsor, dan Gempa bumi"
68,Balai Desa Kroya,"Jl. Merbabu, Dongkelan, Kroya, Kec. Kroya, Kabupaten Cilacap, Jawa Tengah 53282",-7.63302274,109.2440086,\\N,0,0,\\N,3301180009,3301180,https://goo.gl/maps/v1rVjS3MFsSvNPGT8,"Angin kencang, Tanah longsor, dan Gempa bumi"
69,Balai Desa Pesanggrahan,"Watuagung, Pesanggrahan, Kec. Kesugihan, Kabupaten Cilacap, Jawa Tengah 53274",-7.872687487,112.5138104,\\N,0,0,\\N,3301140015,3301140,https://goo.gl/maps/1RrF5pcdRpnNVwvUA,"Angin kencang, Tanah longsor, dan Gempa bumi"
70,Balai Desa Pekuncen,"Pekuncen, Kec. Kroya, Kabupaten Cilacap, Jawa Tengah 53282",-7.629476772,109.2146663,\\N,0,0,\\N,3301180011,3301180,https://goo.gl/maps/1bepg6mBtVVHtpDB7,"Angin kencang, Tanah longsor, dan Gempa bumi"
71,Balai Desa Bajing Kulon,"Jl. Kepudang No.12, RT.03/RW.06, Rumput, Bajing Kulon, Kec. Kroya, Kabupaten Cilacap, Jawa Tengah 53282",-7.626297792,109.2381706,\\N,0,0,\\N,3301180012,3301180,https://goo.gl/maps/zPK4KxHmw9pDr6wF8,"Angin kencang, Tanah longsor, dan Gempa bumi"
72,Balai Desa Kedawung,"Mreneng Wetan, Kedawung, Kec. Kroya, Kabupaten Cilacap, Jawa Tengah 53282",-7.474557311,109.4078955,\\N,0,0,\\N,3301180013,3301180,https://goo.gl/maps/J4g1fb7WmuBk4NFZA,"Angin kencang, Tanah longsor, dan Gempa bumi"
73,Balai Desa Mujur,"Jalan Simpang Tiga Raya, Kroya, Bander, Mujur, Cilacap, Kabupaten Cilacap, Jawa Tengah 53282",-7.612273016,109.2523055,\\N,0,0,\\N,3301180014,3301180,https://goo.gl/maps/fas3mQHW6NCYhJdz6,"Angin kencang, Tanah longsor, dan Gempa bumi"
74,Balai Desa Gentasari,"Bayeman, Gentasari, Kec. Kroya, Kabupaten Cilacap, Jawa Tengah 53282",-7.601690492,109.2195852,\\N,0,0,\\N,3301180015,3301180,https://goo.gl/maps/LkxVKGzFAuUqVQTp6,"Angin kencang, Tanah longsor, dan Gempa bumi"
75,Balai Desa Mujur Lor,"Jl. Daendeles No.01, Rawaseser, Mujur Lor, Kec. Kroya, Kabupaten Cilacap, Jawa Tengah 53282",-7.599457594,109.2480218,\\N,0,0,\\N,3301180016,3301180,https://goo.gl/maps/FQxqgyCwCm2Tyi4S8,"Angin kencang, Tanah longsor, dan Gempa bumi"
76,Balai Desa Buntu,"Bangsakidul, Buntu, Kec. Kroya, Kabupaten Cilacap, Jawa Tengah 53282",-7.588461976,109.2511089,\\N,0,0,\\N,3301180017,3301180,https://goo.gl/maps/EKwJJc4zBz1qZadi6,"Angin kencang, Tanah longsor, dan Gempa bumi"
77,Balai Desa Widarapayung Kulon,"Jl. Diponegoro, No. 15, Widarapayung Wetan, Binangun, Jatimalang, Widarapayung Kulon, Binangun, Kabupaten Cilacap, Jawa Tengah 5",-7.685947302,109.2492646,\\N,0,0,\\N,3301190001,3301190,https://goo.gl/maps/9TpA138Kv4RpZqKYA,"Angin kencang, Tanah longsor, dan Gempa bumi"
78,Balai Desa Sidayu,"Jl. Rambutan, Pangungsari, Sidayu, Binangun, Kabupaten Cilacap, Jawa Tengah 53281",-7.685295441,109.253435,\\N,0,0,\\N,3301190002,3301190,https://goo.gl/maps/FVvJoKPxieyY9aKcA,"Angin kencang, Tanah longsor, dan Gempa bumi"
79,Balai Desa Widarapayung Wetan,"Jln. Diponegoro No. 172 Desa Widarapayung Wetan, Binangun, Kampungtengah, Widarapayung Wetan, Cilacap, Kabupaten Cilacap, Jawa T",-7.687451868,109.2657139,\\N,0,0,\\N,3301190003,3301190,https://goo.gl/maps/kXYR5av2gpEwucog9,"Angin kencang, Tanah longsor, dan Gempa bumi"
80,Balai Desa Sidaurip,"Jl. Perintis No.144, Sidaurip, Kec. Gandrungmangu, Kabupaten Cilacap, Jawa Tengah 53254",-7.548642749,108.8378654,\\N,0,0,\\N,3301100002,3301100,https://goo.gl/maps/BZjKtyzUyjjAjgM59,"Angin kencang, Tanah longsor, dan Gempa bumi"
81,Balai Desa Pagubugan Kulon,"Jl. Jetis Km.39, RT.14/RW.05, Pangungan Wetan, Pagubugan Kulon, Binangun, Kabupaten Cilacap, Jawa Tengah 53283",-7.69282908,109.3040652,\\N,0,0,\\N,3301190005,3301190,https://goo.gl/maps/6CynaXFjJJ7NWsd57,"Angin kencang, Tanah longsor, dan Gempa bumi"
82,Balai Desa Pagubugan,"Jl. Kenari, Purwadadi, Pagubugan, Binangun, Kabupaten Cilacap, Jawa Tengah 53283",-7.690016834,109.3135334,\\N,0,0,\\N,3301190006,3301190,https://goo.gl/maps/LcVQtUL7Z8mWtxcdA,"Angin kencang, Tanah longsor, dan Gempa bumi"
83,Balai Desa Karangnangka,"Jl. Asisten Sayid, Sawah,Ladang, Karangnangka, Binangun, Kabupaten Cilacap, Jawa Tengah 53283",-7.664887272,109.3187524,\\N,0,0,\\N,3301190007,3301190,https://goo.gl/maps/mWvmri6Gq5h863iG8,"Angin kencang, Tanah longsor, dan Gempa bumi"
84,Balai Desa Kemojing,"Jl. Danasri  Pagubugan, Kemoning Wetan, Kemojing, Binangun, Kabupaten Cilacap, Jawa Tengah 53281",-7.660380287,109.3024203,\\N,0,0,\\N,3301190008,3301190,https://goo.gl/maps/jNK3hT1cCDC6zGxR7,"Angin kencang, Tanah longsor, dan Gempa bumi"
85,Balai Desa Pesawahan,"Plikon, Pesawahan, Binangun, Kabupaten Cilacap, Jawa Tengah 53281",-7.673934092,109.2999702,\\N,0,0,\\N,3301190009,3301190,https://goo.gl/maps/unvWAzxaacByZRu68,"Angin kencang, Tanah longsor, dan Gempa bumi"
86,Balai Desa Pasuruhan,"Karanggondang, Pasuruhan, Binangun, Kabupaten Cilacap, Jawa Tengah 53281",-7.663508658,109.2838788,\\N,0,0,\\N,3301190010,3301190,https://goo.gl/maps/6mRxjAKFpZWccmdR8,"Angin kencang, Tanah longsor, dan Gempa bumi"
87,Balai Desa Alangamba,"Jl. Merdeka, Alangamba, Binangun, Kabupaten Cilacap, Jawa Tengah 53281",-7.669730196,109.2751696,\\N,0,0,\\N,3301190011,3301190,https://goo.gl/maps/p6Gw2Zov5ZpHJmJz7,"Angin kencang, Tanah longsor, dan Gempa bumi"
88,Balai Desa Binangun,"Jl. Kedung Borang No. 1 RT.02 / RW. 02, Binangun, Bantarsari, Binangun, Bantarsari, Kabupaten Cilacap, Jawa Tengah 53253",-7.543083188,108.918559,\\N,0,0,\\N,3301110003,3301110,https://goo.gl/maps/4i7NMoNVJWiLPuYY6,"Angin kencang, Tanah longsor, dan Gempa bumi"
89,Balai Desa Bangkal,"Jl. Samsudin, Arengareng, Bangkal, Binangun, Kabupaten Cilacap, Jawa Tengah 53281",-7.649704999,109.2577162,\\N,0,0,\\N,3301190013,3301190,https://goo.gl/maps/mY9CRFf19zFLTidP8,"Angin kencang, Tanah longsor, dan Gempa bumi"
90,Balai Desa Jepara Wetan,"Jl. Jend. Sudirman, Jepara, Jepara Wetan, Binangun, Kabupaten Cilacap, Jawa Tengah 53281",-7.665509195,109.250604,\\N,0,0,\\N,3301190014,3301190,https://goo.gl/maps/urdqBnfz8xAF1xqd7,"Angin kencang, Tanah longsor, dan Gempa bumi"
91,Balai Desa Jepara Kulon,"Jl. Bhayangkara, Jepara Kulon, Binangun, Kabupaten Cilacap, Jawa Tengah 53281",-7.663987658,109.2396772,\\N,0,0,\\N,3301190015,3301190,https://goo.gl/maps/C928F8f4N1UeD6Wz9,"Angin kencang, Tanah longsor, dan Gempa bumi"
92,Balai Desa Kepudang,"Kepudang, Binangun, Kepudang, Cilacap, Kabupaten Cilacap, Jawa Tengah 53281",-7.663091889,109.2176071,\\N,0,0,\\N,3301190016,3301190,https://goo.gl/maps/ymhBtQkzebT5iwYq5,"Angin kencang, Tanah longsor, dan Gempa bumi"
93,Balai Desa Jati,"Jati Tengah, Jati, Binangun, Kabupaten Cilacap, Jawa Tengah 53271",-7.659157324,109.2045971,\\N,0,0,\\N,3301190017,3301190,https://goo.gl/maps/BrZqgVGArwQNN5LY8,"Angin kencang, Tanah longsor, dan Gempa bumi"
94,Balai Desa Karangtawang,"Karangmangu, Karangtawang, Nusawungu, Kabupaten Cilacap, Jawa Tengah 53283",-7.693216706,109.3262597,\\N,0,0,\\N,3301200001,3301200,https://goo.gl/maps/F7EiBurEtUkxgUSJ7,"Angin kencang, Tanah longsor, dan Gempa bumi"
95,Balai Desa Karangpakis,"Karangjati, Karangpakis, Nusawungu, Kabupaten Cilacap, Jawa Tengah 53283",-7.695812176,109.3393392,\\N,0,0,\\N,3301200002,3301200,https://goo.gl/maps/ahkcP81QNBq6rh88A,"Angin kencang, Tanah longsor, dan Gempa bumi"
96,Balai Desa Banjarsari,"Jl. Sekolahan No.1, Ketapang Wetan, Banjarsari, Nusawungu, Kabupaten Cilacap, Jawa Tengah 53283",-7.703464104,109.3585164,\\N,0,0,\\N,3301200003,3301200,https://goo.gl/maps/ZwGJqBA6J93SwYgA8,"Angin kencang, Tanah longsor, dan Gempa bumi"
97,Balai Desa Jetis,"Mertangga, Jetis, Nusawungu, Kabupaten Cilacap, Jawa Tengah 53283",-7.710361482,109.3808427,\\N,0,0,\\N,3301200004,3301200,https://goo.gl/maps/DVab4mvheSE7c6vv6,"Angin kencang, Tanah longsor, dan Gempa bumi"
98,Balai Desa Banjareja,"Jl. Satria, Banjarutama, Banjareja, Nusawungu, Kabupaten Cilacap, Jawa Tengah 53283",-7.686421459,109.3734922,\\N,0,0,\\N,3301200005,3301200,https://goo.gl/maps/8foyNtXtx5s9887HA,"Angin kencang, Tanah longsor, dan Gempa bumi"
99,Balai Desa Kedungbenda,"Bodo, Kedungbenda, Nusawungu, Kabupaten Cilacap, Jawa Tengah 53283",-7.667346462,109.3745851,\\N,0,0,\\N,3301200006,3301200,https://goo.gl/maps/rngqqezZUZfSS95e6,"Angin kencang, Tanah longsor, dan Gempa bumi"
100,Balai Desa Klumprit,"Jl. Raya Pejuang, Klumprit Kulon, Klumprit, Nusawungu, Kabupaten Cilacap, Jawa Tengah 53283",-7.661985721,109.3585673,\\N,0,0,\\N,3301200007,3301200,https://goo.gl/maps/breeKSGxrn36uAag9,"Angin kencang, Tanah longsor, dan Gempa bumi"
101,Balai Desa Karangsembung,"Sidasari, Karangsembung, Nusawungu, Kabupaten Cilacap, Jawa Tengah 53283",-7.678502548,109.3554419,\\N,0,0,\\N,3301200008,3301200,https://goo.gl/maps/breeKSGxrn36uAag9,"Angin kencang, Tanah longsor, dan Gempa bumi"
102,Balai Desa Purwadadi,"Jalan Tembelang Kuning, Kec. Nusawungu, Kabupaten Cilacap, Jawa Tengah 53283",-7.676746425,109.3430598,\\N,0,0,\\N,3301200009,3301200,https://goo.gl/maps/1jjRTjHTe26khhnR9,"Angin kencang, Tanah longsor, dan Gempa bumi"
103,Balai Desa Nusawangkal,"Jl. Gerilya, Karangsari, Nusawangkal, Nusawungu, Kabupaten Cilacap, Jawa Tengah 53283",-7.669997397,109.3432928,\\N,0,0,\\N,3301200010,3301200,https://goo.gl/maps/pooc3GR6JkJ9AbD5A,"Angin kencang, Tanah longsor, dan Gempa bumi"
104,Balai Desa Karangputat,"Jalan Perintis Kemerdekaan No. 258, Karangputat, Nusawungu, Karangputat, Cilacap, Kabupaten Cilacap, Jawa Tengah 53283",-7.655160325,109.3053335,\\N,0,0,\\N,3301200011,3301200,https://goo.gl/maps/jNXkBbt89gMicvD2A,"Angin kencang, Tanah longsor, dan Gempa bumi"
105,Balai Desa Banjarwaru,"Kubang, Banjarwaru, Nusawungu, Kabupaten Cilacap, Jawa Tengah 53281",-7.639154389,109.2876895,\\N,0,0,\\N,3301200012,3301200,https://goo.gl/maps/AQ2R382iNRc8RYdr7,"Angin kencang, Tanah longsor, dan Gempa bumi"
106,Balai Desa Danasri,"Jl. Danasri  Pagubugan, Rawabangus, Danasri, Nusawungu, Kabupaten Cilacap, Jawa Tengah 53281",-7.645367881,109.3049447,\\N,0,0,\\N,3301200013,3301200,https://goo.gl/maps/XZRePM17yX8F5WPg9,"Angin kencang, Tanah longsor, dan Gempa bumi"
107,Balai Desa Danasri Kidul,"Gelagahwangi, Danasri Kidul, Nusawungu, Kabupaten Cilacap, Jawa Tengah 53281",-7.647851992,109.3175081,\\N,0,0,\\N,3301200014,3301200,https://goo.gl/maps/UyRzQNHVEtSUbLPB7,"Angin kencang, Tanah longsor, dan Gempa bumi"
108,Balai Desa Nusawungu,"Jl. Jenderal Sudirman, Nusawungu, Kabupaten Cilacap, Jawa Tengah 53283",-7.64816393,109.3441551,\\N,0,0,\\N,3301200015,3301200,https://goo.gl/maps/v5YvjGBnRbSCgvun9,"Angin kencang, Tanah longsor, dan Gempa bumi"
109,Balai Desa Danasri Lor,"Ketik, Danasri Lor, Nusawungu, Kabupaten Cilacap, Jawa Tengah 53283",-7.639879709,109.3079376,\\N,0,0,\\N,3301200016,3301200,https://goo.gl/maps/iJt4CqF5DrBSeFvL6,"Angin kencang, Tanah longsor, dan Gempa bumi"
110,Balai Desa Sikanco,"Dongkelan, Sikanco, Nusawungu, Kabupaten Cilacap, Jawa Tengah 53283",-7.639537242,109.299082,\\N,0,0,\\N,3301200017,3301200,https://goo.gl/maps/SY9obVUpUV5NDVZC8,"Angin kencang, Tanah longsor, dan Gempa bumi"
111,Balai Desa Tambakreja,"Kedungbulu, Tambakreja, Kedungreja, Kabupaten Cilacap, Jawa Tengah 53263",-7.538784807,108.7835379,\\N,0,0,\\N,3301080002,3301080,https://goo.gl/maps/Kqv4KzMiHP4e7Dz67,"Angin kencang, Tanah longsor, dan Gempa bumi"
112,Kelurahan Tegalreja,"Jl. Mliwis No.12, Pasiran, Sidanegara, Kec. Cilacap Tengah, Kabupaten Cilacap, Jawa Tengah 53212",-7.714085783,109.0105919,\\N,0,0,\\N,3301720004,3301720,https://goo.gl/maps/aUwtpPYWwXk7F5QU6,"Angin kencang, Tanah longsor, dan Gempa bumi"
113,Kelurahan Sidakaya,"No.15, Jl. Bromo Timur, Sidakaya Dua, Sidakaya, South Cilacap, Cilacap Regency, Central Java 53212",-7.721745541,109.0169005,\\N,0,0,\\N,3301710003,3301710,https://goo.gl/maps/2DzwErfBTtEpoBp86,"Angin kencang, Tanah longsor, dan Gempa bumi"
114,Kelurahan Cilacap,"Jl. Karang No.39, Sentolokawat, Cilacap, Kec. Cilacap Sel., Kabupaten Cilacap, Jawa Tengah 53211",-7.737956464,109.0136191,\\N,0,0,\\N,3301710004,3301710,https://goo.gl/maps/rgRoJZeC7e381ucB6,"Angin kencang, Tanah longsor, dan Gempa bumi"
115,Kelurahan Tegalkamulyan,"Jl. Lingkar Selatan No.10, Karangmulia, Tegalkamulyan, Kec. Cilacap Sel., Kabupaten Cilacap, Jawa Tengah 53215",-7.721081813,109.0226969,\\N,0,0,\\N,3301710005,3301710,https://goo.gl/maps/NVKyZaWDMdt8uJHX8,"Angin kencang, Tanah longsor, dan Gempa bumi"
116,Kelurahan Kutawaru,"Kutawaru, Kec. Cilacap Tengah, Kabupaten Cilacap, Jawa Tengah",-7.695870966,108.9896321,\\N,0,0,\\N,3301720001,3301720,https://goo.gl/maps/hKARKF4BrhSAp5b27,"Angin kencang, Tanah longsor, dan Gempa bumi"
117,Kelurahan Lomanis,"Jl. Husni Thamrin No.82, Cikarag, Lomanis, Kec. Cilacap Tengah, Kabupaten Cilacap, Jawa Tengah 53221",-7.699909658,109.0084728,\\N,0,0,\\N,3301720002,3301720,https://goo.gl/maps/Zk9X7XwryXgdsWN78,"Angin kencang, Tanah longsor, dan Gempa bumi"
118,Kelurahan Donan,"Jl. Kalidonan No.5, Cidapur, Donan, Kec. Cilacap Tengah, Kabupaten Cilacap, Jawa Tengah 53222",-7.713436943,109.0009423,\\N,0,0,\\N,3301720003,3301720,https://goo.gl/maps/674V1DjS8spPV2GH9,"Angin kencang, Tanah longsor, dan Gempa bumi"
119,Kelurahan Sidanegara,"Jl. Cerme No.44, Wanasari, Sidanegara, Kec. Cilacap Tengah, Kabupaten Cilacap, Jawa Tengah 53223",-7.711789036,109.0185056,\\N,0,0,\\N,3301720004,3301720,https://goo.gl/maps/RV5VNmoqRrQtZeox5,"Angin kencang, Tanah longsor, dan Gempa bumi"
120,Kelurahan Gunungsimping,"Jl. Natuna, Gunungsimping, Kec. Cilacap Tengah, Kabupaten Cilacap, Jawa Tengah 53211",-7.707182957,109.0315633,\\N,0,0,\\N,3301720005,3301720,https://goo.gl/maps/SpTxV3bJzcEzQ6R16,"Angin kencang, Tanah longsor, dan Gempa bumi"
121,Kelurahan Kebonmanis,"Jalan Dokter Rajiman No.21, Sabukjanur, Gunungsimping, Kec. Cilacap Tengah, Kabupaten Cilacap, Jawa Tengah 53211",-7.697935526,109.0329748,\\N,0,0,\\N,3301720005,3301720,https://goo.gl/maps/D2ho5N9XrwoW6kCE7,"Angin kencang, Tanah longsor, dan Gempa bumi"
122,Kelurahan Gumilir,"Rejamulya, Gumilir, Kec. Cilacap Utara, Kabupaten Cilacap, Jawa Tengah 53231",-7.685655469,109.0417746,\\N,0,0,\\N,3301730002,3301730,https://goo.gl/maps/hQsDQSVQQo9zWXQT8,"Angin kencang, Tanah longsor, dan Gempa bumi"
123,Kelurahan Mertasinga,"Jl. Urip Sumoharjo No.89, Limbangan, Mertasinga, Kec. Cilacap Utara, Kabupaten Cilacap, Jawa Tengah 53274",-7.678188741,109.0554827,\\N,0,0,\\N,3301730003,3301730,https://goo.gl/maps/tMTcJHQ75dr64zxx6,"Angin kencang, Tanah longsor, dan Gempa bumi"
124,Kelurahan Tritih Kulon,"Jl. Tentara Pelajar, Penerang, Tritih Kulon, Kec. Cilacap Utara, Kabupaten Cilacap, Jawa Tengah 53232",-7.671316993,109.0409708,\\N,0,0,\\N,3301730004,3301730,https://goo.gl/maps/Q41GMFMp3QTcaTF87,"Angin kencang, Tanah longsor, dan Gempa bumi"
125,Kelurahan Karangtalun,"Jl. Nusantara No.31, Rawapenggung, Karangtalun, Kec. Cilacap Utara, Kabupaten Cilacap, Jawa Tengah 53231",-7.680592783,109.0221617,\\N,0,0,\\N,3301730005,3301730,https://goo.gl/maps/koRq2c4ZcMCxWdx37,"Angin kencang, Tanah longsor, dan Gempa bumi"
126,Balai Desa Kawunganten,"Kawunganten, Kec. Kawunganten, Kabupaten Cilacap, Jawa Tengah",-7.592701,108.91958,\\N,0,0,\\N,3301120009,3301120,https://goo.gl/maps/9EfJyvpX3sopyr6x7,"Angin kencang, Tanah longsor, dan Gempa bumi"
127,Balai Desa Kawunganten Lor,"Gunungsari, Kawunganten Lor, Kec. Kawunganten, Kabupaten Cilacap, Jawa Tengah",-7.58543,108.919056,\\N,0,0,\\N,3301120010,3301120,https://goo.gl/maps/irdEZ3NFDCAcScxc8,"Angin kencang, Tanah longsor, dan Gempa bumi"
128,Balai Desa Sarwadadi,"Jl. Raya Sarwadadi No.007, Sarwatulus, Sarwadadi, Kec. Kawunganten, Kabupaten Cilacap, Jawa Tengah",-7.558281,108.917277,\\N,0,0,\\N,3301120011,3301120,https://goo.gl/maps/nKqFV3vHNangGatq8,"Angin kencang, Tanah longsor, dan Gempa bumi"
129,Balai Desa Kalijeruk,"Kalijeruk, Kawunganten, Citemba, Kalijeruk, Cilacap, Kabupaten Cilacap, Jawa Tengah",-7.578984,108.936294,\\N,0,0,\\N,3301120012,3301120,https://goo.gl/maps/1SJD1bNJhexBBYnJ7,"Angin kencang, Tanah longsor, dan Gempa bumi"
130,Balai Desa Mentasan,"Karang Nangka, Mentasan, Kec. Kawunganten, Kabupaten Cilacap, Jawa Tengah",-7.582681,108.957987,\\N,0,0,\\N,3301120013,3301120,https://goo.gl/maps/U97UdWe6cDXmNgiG7,"Angin kencang, Tanah longsor, dan Gempa bumi"
131,Balai Desa Sidaurip,"Bojong, Sidaurip, Kec. Kawunganten, Kabupaten Cilacap, Jawa Tengah 53253",-7.60718098798312,108.982160604155,\\N,0,0,\\N,3301120015,3301120,https://goo.gl/maps/haAMWLHbodY7jifc9,"Angin kencang, Tanah longsor, dan Gempa bumi"
132,Balai Desa Babakan,"Purwosari, Babakan, Kec. Kawunganten, Kabupaten Cilacap, Jawa Tengah",-7.662701,108.932634,\\N,0,0,\\N,3301120016,3301120,https://goo.gl/maps/ZZTCV5VjiDTCKG296,"Angin kencang, Tanah longsor, dan Gempa bumi"
133,Balai Desa Ujunggagak,"Karanganyar, Ujunggagak, Kp. Laut, Kabupaten Cilacap, Jawa Tengah",-7.666216,108.819289,\\N,0,0,\\N,3301121001,3301121,https://goo.gl/maps/GKKtjmitgUntZfmu7,"Angin kencang, Tanah longsor, dan Gempa bumi"
134,Balai Desa Klaces,"Klaces, Kp. Laut, Kabupaten Cilacap, Jawa Tengah",-7.685966,108.827926,\\N,0,0,\\N,3301121002,3301121,https://goo.gl/maps/E5LMmWxERLH2TFFS6,"Angin kencang, Tanah longsor, dan Gempa bumi"
135,Balai Desa Panikel,"Bugel, Panikel, Kp. Laut, Kabupaten Cilacap, Jawa Tengah",-7.632277,108.855158,\\N,0,0,\\N,3301121004,3301121,https://goo.gl/maps/dmxeLfXXWsLKuFHV6,"Angin kencang, Tanah longsor, dan Gempa bumi"
136,Balai Desa Tritih Wetan,"Tritih Wetan, Jeruklegi, Tritih, Tritih Wetan, Cilacap, Kabupaten Cilacap, Jawa Tengah",-7.661313,109.047293,\\N,0,0,\\N,3301130002,3301130,https://goo.gl/maps/Qo5zYvrAAhMtrVEp8,"Angin kencang, Tanah longsor, dan Gempa bumi"
137,Balai Desa Sumingkir,"Kedungbanteng Lor, Sumingkir, Kec. Jeruklegi, Kabupaten Cilacap, Jawa Tengah",-7.624942,109.049952,\\N,0,0,\\N,3301130004,3301130,https://goo.gl/maps/zLnsqtjUaU88oDou5,"Angin kencang, Tanah longsor, dan Gempa bumi"
138,Balai Desa Jeruklegi Wetan,"Jl. Raya Cilacap - Wangon No.123, Cidungun, Jeruklegi Wetan, Kec. Jeruklegi, Kabupaten Cilacap, Jawa Tengah",-7.620418,109.019174,\\N,0,0,\\N,3301130005,3301130,https://goo.gl/maps/MrfBaEFd3Rj1z4Nq7,"Angin kencang, Tanah longsor, dan Gempa bumi"
139,Balai Desa Jeruklegi Kulon,"Danasari Satu, Jeruklegi Kulon, Kec. Jeruklegi, Kabupaten Cilacap, Jawa Tengah",-7.607179,109.01535,\\N,0,0,\\N,3301130006,3301130,https://goo.gl/maps/XBGypsUo3cPNVBMr8,"Angin kencang, Tanah longsor, dan Gempa bumi"
140,Balai Desa Sawangan,"Blingbingsari, Sawangan, Kec. Jeruklegi, Kabupaten Cilacap, Jawa Tengah",-7.593587,108.993748,\\N,0,0,\\N,3301130007,3301130,https://goo.gl/maps/fMZQ1xz5FrrhiyKn6,"Angin kencang, Tanah longsor, dan Gempa bumi"
141,Balai Desa Cilibang,"Jl. Raya Cilacap - Wangon No.17, Kalirau, Cilibang, Kec. Jeruklegi, Kabupaten Cilacap, Jawa Tengah",-7.578631,109.018484,\\N,0,0,\\N,3301130008,3301130,https://goo.gl/maps/mnom4bmhbZ3idkFP8,"Angin kencang, Tanah longsor, dan Gempa bumi"
142,Balai Desa Mandala,"Mandala, Mendala, Kec. Jeruklegi, Kabupaten Cilacap, Jawa Tengah",-7.598183,109.056624,\\N,0,0,\\N,3301130009,3301130,https://goo.gl/maps/mnom4bmhbZ3idkFP8,"Angin kencang, Tanah longsor, dan Gempa bumi"
143,Balai Desa Karangkemiri,"Karangkemiri, Kec. Maos, Kabupaten Cilacap, Jawa Tengah",-7.622875,109.130052,\\N,0,0,\\N,3301160001,3301160,https://goo.gl/maps/DZknGreY8FnPPDzD9,"Angin kencang, Tanah longsor, dan Gempa bumi"
144,Balai Desa Jambusari,"Jl. Raya Jambusapi No.77, Jambuandap, Jambusari, Kec. Jeruklegi, Kabupaten Cilacap, Jawa Tengah",-7.567455,109.026833,\\N,0,0,\\N,3301130011,3301130,https://goo.gl/maps/F8Y2jAxiPQzS7j9n7,"Angin kencang, Tanah longsor, dan Gempa bumi"
145,Balai Desa Prapagan,"Prapagan, Kec. Jeruklegi, Kabupaten Cilacap, Jawa Tengah",-7.566531,109.001975,\\N,0,0,\\N,3301130012,3301130,https://goo.gl/maps/kt3XzViFKGveeS7W8,"Angin kencang, Tanah longsor, dan Gempa bumi"
146,Balai Desa Citepus,"Jl. Raya Citepus Bojong Sari No.01, Bojongsari, Citepus, Kec. Jeruklegi, Kabupaten Cilacap, Jawa Tengah",-7.551642,108.990806,\\N,0,0,\\N,3301130013,3301130,https://goo.gl/maps/XNMxCgxD5QpxRbAr7,"Angin kencang, Tanah longsor, dan Gempa bumi"
147,Balai Desa Menganti,"Jalur Gumilir - Purwokerto No.85, Rejasari, Menganti, Kec. Kesugihan, Kabupaten Cilacap, Jawa Tengah",-7.669045,109.072558,\\N,0,0,\\N,3301140001,3301140,https://goo.gl/maps/o1k14G64Kk4KBoZy9,"Angin kencang, Tanah longsor, dan Gempa bumi"
148,Balai Desa Karangkandri,"Jalan Lingkar Timur No.31, Karangkandri, Kesugihan, Karang Dadap, Karangkandri, Cilacap, Kabupaten Cilacap, Jawa Tengah",-7.669975,109.084671,\\N,0,0,\\N,3301140002,3301140,https://goo.gl/maps/MFF2qmWKmxr6EKUr5,"Angin kencang, Tanah longsor, dan Gempa bumi"
149,Balai Desa Slarang,"Slarang, Kec. Kesugihan, Kabupaten Cilacap, Jawa Tengah",-7.659593,109.113482,\\N,0,0,\\N,3301140003,3301140,https://goo.gl/maps/BHuXqqnnFaaUSJCN6,"Angin kencang, Tanah longsor, dan Gempa bumi"
150,Balai Desa Kesugihan Kidul,"Bumijaya, Kesugihan Kidul, Kec. Kesugihan, Kabupaten Cilacap, Jawa Tengah",-7.622897,109.120648,\\N,0,0,\\N,3301140004,3301140,https://goo.gl/maps/1ahpQ5wrMd7dQ4dQ7,"Angin kencang, Tanah longsor, dan Gempa bumi"
151,Balai Desa Kesugihan,"Jl. Kb. Rambutan, Pantaiserayu, Kesugihan, Kec. Kesugihan, Kabupaten Cilacap, Jawa Tengah",-7.608925,109.116912,\\N,0,0,\\N,3301140005,3301140,https://goo.gl/maps/EfuENoWAwr85euhu7,"Angin kencang, Tanah longsor, dan Gempa bumi"
152,Balai Desa Kalisabuk,"Gumelar Wetan, Kalisabuk, Kec. Kesugihan, Kabupaten Cilacap, Jawa Tengah",-7.658169,109.098666,\\N,0,0,\\N,3301140006,3301140,https://goo.gl/maps/9eko5iWxNAdEV947A,"Angin kencang, Tanah longsor, dan Gempa bumi"
153,Balai Desa Kuripan Kidul,"Jalan Diponegoro No.A15, Kuripan Kidul, Kesugihan, Penatusan, Kuripan Kidul, Kec. Kesugihan, Kabupaten Cilacap, Jawa Tengah",-7.6589,109.080926,\\N,0,0,\\N,3301140007,3301140,https://goo.gl/maps/k7f5j68YrMaRyLtSA,"Angin kencang, Tanah longsor, dan Gempa bumi"
154,Balai Desa Kuripan,"Kuripan Lor, Kuripan, Kec. Kesugihan, Kabupaten Cilacap, Jawa Tengah",-7.651916,109.083396,\\N,0,0,\\N,3301140008,3301140,https://goo.gl/maps/bEYyTU9Roa8Wh29n9,"Angin kencang, Tanah longsor, dan Gempa bumi"
155,Balai Desa Jangrana,"Jl. Perjuangan, Kedungwaru Wetan, Jangrana, Kec. Kesugihan, Kabupaten Cilacap, Jawa Tengah",-7.639157,109.063973,\\N,0,0,\\N,3301140009,3301140,https://goo.gl/maps/mQPtZCwZSghW1NZK6,"Angin kencang, Tanah longsor, dan Gempa bumi"
156,Balai Desa Planjan,"Jl. Raya Ps. Lebeng, Madusari, Planjan, Kec. Kesugihan, Kabupaten Cilacap, Jawa Tengah",-7.623498,109.0785,\\N,0,0,\\N,3301140010,3301140,https://goo.gl/maps/46jUjx9PQJrS6PS6A,"Angin kencang, Tanah longsor, dan Gempa bumi"
157,Balai Desa Dondong,"Lebeng, Dondong, Kec. Kesugihan, Kabupaten Cilacap, Jawa Tengah",-7.61863,109.066613,\\N,0,0,\\N,3301140011,3301140,https://goo.gl/maps/LVzGDc9gRX7QwHwN8,"Angin kencang, Tanah longsor, dan Gempa bumi"
158,Balai Desa Ciwuni,"Jl. Ps. Jagang, Dawuhan, Ciwuni, Kec. Kesugihan, Kabupaten Cilacap, Jawa Tengah",-7.604368,109.082218,\\N,0,0,\\N,3301140012,3301140,https://goo.gl/maps/z6omb7MTUiM6CZqF9,"Angin kencang, Tanah longsor, dan Gempa bumi"
159,Balai Desa Karangjengkol,"Bantarsari Kulon, Karangjengkol, Kec. Kesugihan, Kabupaten Cilacap, Jawa Tengah",-7.602219,109.090462,\\N,0,0,\\N,3301140013,3301140,https://goo.gl/maps/Tr8zUgbFXLqTH8Ve9,"Angin kencang, Tanah longsor, dan Gempa bumi"
160,Balai Desa Keleng,"Keleng, Kec. Kesugihan, Kabupaten Cilacap, Jawa Tengah",-7.595349,109.11045,\\N,0,0,\\N,3301140014,3301140,https://goo.gl/maps/rGf2X83vq2nZNE5e6,"Angin kencang, Tanah longsor, dan Gempa bumi"
161,Balai Desa Pesanggrahan,"Watuagung, Pesanggrahan, Kec. Kesugihan, Kabupaten Cilacap, Jawa Tengah",-7.594238,109.114316,\\N,0,0,\\N,3301140015,3301140,https://goo.gl/maps/rFqdE8oy1coNtv5e6,"Angin kencang, Tanah longsor, dan Gempa bumi"
162,Balai Desa Bulupayung,"Bulupayung, Kesugihan, Bulupayung, Cilacap, Kabupaten Cilacap, Jawa Tengah",-7.596761,109.138803,\\N,0,0,\\N,3301140016,3301140,https://goo.gl/maps/t1zC8puCzNCE24W57,"Angin kencang, Tanah longsor, dan Gempa bumi"
163,Balai Desa Gombolharjo,"Jl. Alpukat No.2, Gombol, Gombolharjo, Kec. Adipala, Kabupaten Cilacap, Jawa Tengah",-7.663956,109.112655,\\N,0,0,\\N,3301150001,3301150,https://goo.gl/maps/P4bVqXjydZuipBHC7,"Angin kencang, Tanah longsor, dan Gempa bumi"
164,Balai Desa Wlahar,"Wlahar, Kec. Adipala, Kabupaten Cilacap, Jawa Tengah",-7.667846,109.133921,\\N,0,0,\\N,3301150002,3301150,https://goo.gl/maps/LAYyfJSqbmuPbU7d8,"Angin kencang, Tanah longsor, dan Gempa bumi"
165,Balai Desa Karanganyar,"Jl. Laut No.83, Pancad, Karanganyar, Kec. Adipala, Kabupaten Cilacap, Jawa Tengah 53271",-7.66841104367329,109.161168679668,\\N,0,0,\\N,3301150004,3301150,https://goo.gl/maps/wHA7HZmE4AgfAybSA,"Angin kencang, Tanah longsor, dan Gempa bumi"
166,Balai Desa Pedasong,"Silowong, Pedasong, Kec. Adipala, Kabupaten Cilacap, Jawa Tengah",-7.669737,109.195752,\\N,0,0,\\N,3301150006,3301150,https://goo.gl/maps/HgyCJchBeFRzZHXj6,"Angin kencang, Tanah longsor, dan Gempa bumi"
167,Balai Desa Glempangpasir,"Jl. Srandil, Serandil, Glempangpasir, Kec. Adipala, Kabupaten Cilacap, Jawa Tengah",-7.680679,109.191933,\\N,0,0,\\N,3301150007,3301150,https://goo.gl/maps/HZEm4YnUSuv5jnik8,"Angin kencang, Tanah longsor, dan Gempa bumi"
168,Balai Desa Welahan Wetan,"Pesanggrahan, Welahan Wetan, Kec. Adipala, Kabupaten Cilacap, Jawa Tengah",-7.68353,109.231269,\\N,0,0,\\N,3301150008,3301150,https://goo.gl/maps/LoQboH2bziUSUD8P8,"Angin kencang, Tanah longsor, dan Gempa bumi"
169,Balai Desa Adireja Wetan,"Jl. Srandil No.16, Adireja Wetan, Kec. Adipala, Kabupaten Cilacap, Jawa Tengah",-7.663377,109.1669,\\N,0,0,\\N,3301150010,3301150,https://goo.gl/maps/PYWhVbAHSy4mwVCaA,"Angin kencang, Tanah longsor, dan Gempa bumi"
170,Balai Desa Adireja Kulon,"Adireja Kulon, Kec. Adipala, Kabupaten Cilacap, Jawa Tengah",-7.66096,109.159231,\\N,0,0,\\N,3301150011,3301150,https://goo.gl/maps/dSokgHZtfDqGEinv6,"Angin kencang, Tanah longsor, dan Gempa bumi"
171,Balai Desa Adipala,"Jl. Srandil, Adipala, Kec. Adipala, Kabupaten Cilacap, Jawa Tengah",-7.660199,109.155491,\\N,0,0,\\N,3301150012,3301150,https://goo.gl/maps/9dxrgqKUvgSnic62A,"Angin kencang, Tanah longsor, dan Gempa bumi"
172,Balai Desa Penggalang,"Lancar, Penggalang, Kec. Adipala, Kabupaten Cilacap, Jawa Tengah",-7.653467,109.137016,\\N,0,0,\\N,3301150013,3301150,https://goo.gl/maps/YcgeWvQDhz8A17vY7,"Angin kencang, Tanah longsor, dan Gempa bumi"
173,Balai Desa Karangsari,"Jl. Kerinci 12, Karangsari Lor, Karangsari, Kec. Adipala, Kabupaten Cilacap, Jawa Tengah",-7.632979,109.135353,\\N,0,0,\\N,3301150014,3301150,https://goo.gl/maps/Q6aPwSsiCSRVfsoV9,"Angin kencang, Tanah longsor, dan Gempa bumi"
174,Balai Desa Kalikudi,"Jl. Polisi Sanmukhid, Semingkir, Kalikudi, Kec. Adipala, Kabupaten Cilacap, Jawa Tengah",-7.63321,109.15434,\\N,0,0,\\N,3301150015,3301150,https://goo.gl/maps/NJ8NWBSGySSMQTKs6,"Angin kencang, Tanah longsor, dan Gempa bumi"
175,Balai Desa Doplang,"Area Sawah/ Ladang, Doplang, Kec. Adipala, Kabupaten Cilacap, Jawa Tengah",-7.639206,109.179516,\\N,0,0,\\N,3301150016,3301150,https://goo.gl/maps/aXS4J6guVXD1vSx77,"Angin kencang, Tanah longsor, dan Gempa bumi"
176,Balai Desa Karangkemiri,"Kemiri, Karangkemiri, Kec. Pekuncen, Kabupaten Banyumas, Jawa Tengah",-7.353642,109.07546,\\N,0,0,\\N,3301130010,3301130,https://goo.gl/maps/BB2iCWf1uupmrnzC6,"Angin kencang, Tanah longsor, dan Gempa bumi"
177,Balai Desa Karangreja,"Area Sawah, Karangreja, Kec. Maos, Kabupaten Cilacap, Jawa Tengah",-7.624295,109.146347,\\N,0,0,\\N,3301160002,3301160,https://goo.gl/maps/WvD2A8B6UqiKiB7j9,"Angin kencang, Tanah longsor, dan Gempa bumi"
178,Balai Desa Klapagada,"Pasarpaing, Klapagada, Kec. Maos, Kabupaten Cilacap, Jawa Tengah",-7.621023,109.151331,\\N,0,0,\\N,3301160003,3301160,https://goo.gl/maps/89mvz6gNT6zCAH7g6,"Angin kencang, Tanah longsor, dan Gempa bumi"
179,Balai Desa Pengawaren,"Jl. Suraleksana 1, Pangaweran, Pangawaren, Kec. Karangpucung, Kabupaten Cilacap, Jawa Tengah 53255",-7.38750728,108.8685968,\\N,0,0,\\N,3301050002,3301050,https://goo.gl/maps/9CD5R9M67oXQUPaK6,"Angin kencang, Tanah longsor, dan Gempa bumi"
180,Balai Desa Gunungtelu,"Jl. Blisuk, Blisuk, Gunungtelu, Kec. Karangpucung, Kabupaten Cilacap, Jawa Tengah 53255",-7.414552012,108.8784123,\\N,0,0,\\N,3301050003,3301050,https://goo.gl/maps/pP26nLZ7VzeK3mWd8,"Angin kencang, Tanah longsor, dan Gempa bumi"
181,Balai Desa Sindangbarang,"Sindangbarang, Karangpucung, Jetak, Sindangbarang, Cilacap, Kabupaten Cilacap, Jawa Tengah 53255",-7.431525182,108.8898178,\\N,0,0,\\N,3301050004,3301050,https://goo.gl/maps/1LVfv8oi3Uf5h3RWA,"Angin kencang, Tanah longsor, dan Gempa bumi"
182,Balai Desa Karangpucung,"Karangpucung, Cilacap, Kabupaten Cilacap, Jawa Tengah 53255",-7.413007611,108.9004168,\\N,0,0,\\N,3301050005,3301050,https://goo.gl/maps/PBi2GFnumNGrG5TT9,"Angin kencang, Tanah longsor, dan Gempa bumi"
183,Balai Desa Tayemtimur,"Cager, Tayemtimur, Kec. Karangpucung, Kabupaten Cilacap, Jawa Tengah 53255",-7.413687359,108.9086003,\\N,0,0,\\N,3301050006,3301050,https://goo.gl/maps/9x8hu45k6GJNpRYQ8,"Angin kencang, Tanah longsor, dan Gempa bumi"
184,Balai Desa Tayem,"Desa Tayem, Cijoho, Tayem, Kec. Karangpucung, Kabupaten Cilacap, Jawa Tengah 53255",-7.397383206,108.8990858,\\N,0,0,\\N,3301050007,3301050,https://goo.gl/maps/7ywMtRLRFSetRNxE7,"Angin kencang, Tanah longsor, dan Gempa bumi"
185,Balai Desa Ciporos,"Jl. Raya Cimanggu-Karangpucung No.16, Pasanggrahan, Ciporos, Kec. Karangpucung, Kabupaten Cilacap, Jawa Tengah 53255",-7.381721517,108.8713846,\\N,0,0,\\N,3301050008,3301050,https://goo.gl/maps/Gv4Ua5v7QpMex2g1A,"Angin kencang, Tanah longsor, dan Gempa bumi"
186,Balai Desa Surusunda,"Jl. Raya Surusunda, Susrusunda, Surusunda, Kec. Karangpucung, Kabupaten Cilacap, Jawa Tengah 53255",-7.372539172,108.8984601,\\N,0,0,\\N,3301050009,3301050,https://goo.gl/maps/NHvA51xgCjAMKGRJ9,"Angin kencang, Tanah longsor, dan Gempa bumi"
187,Balai Desa Bengbulang,"Sawangn, Bengbulang, Kec. Karangpucung, Kabupaten Cilacap, Jawa Tengah 53255",-7.378132855,108.9150623,\\N,0,0,\\N,3301050010,3301050,https://goo.gl/maps/eD1BDWexg4qUdKhh9,"Angin kencang, Tanah longsor, dan Gempa bumi"
188,Balai Desa Sidamulya,"Jl. Tunggul wulung, Cikkeu, Sidamulya, Kec. Karangpucung, Kabupaten Cilacap, Jawa Tengah 53255",-7.350083581,108.9555302,\\N,0,0,\\N,3301050011,3301050,https://goo.gl/maps/KBxC16k7AZFcNN6a8,"Angin kencang, Tanah longsor, dan Gempa bumi"
189,Balai Desa Ciruyung,"Igir Sumanding, Ciruyung, Kec. Karangpucung, Kabupaten Cilacap, Jawa Tengah 53255",-7.350185381,108.9292647,\\N,0,0,\\N,3301050012,3301050,https://goo.gl/maps/ZcCd5MtrHE79ewbC8,"Angin kencang, Tanah longsor, dan Gempa bumi"
190,Balai Desa Pamulihan,"Jl. Mulyawiredja, Cirebah, Pamulihan, Kec. Karangpucung, Kabupaten Cilacap, Jawa Tengah 53255",-7.332706432,108.9301414,\\N,0,0,\\N,3301050013,3301050,https://goo.gl/maps/z2A8i6aCe1KfGqtG9,"Angin kencang, Tanah longsor, dan Gempa bumi"
191,Balai Desa Babakan,"Jl. Pasar Babakan No.101, Babakan Satu, Babakan, Kec. Karangpucung, Kabupaten Cilacap, Jawa Tengah 53255",-7.342641751,108.8939473,\\N,0,0,\\N,3301050014,3301050,https://goo.gl/maps/pWkaJVLEPeWGWsPi9,"Angin kencang, Tanah longsor, dan Gempa bumi"
192,Balai Desa Serang,"Ciwera, Serang, Cipari, Kabupaten Cilacap, Jawa Tengah 53262",-7.461139083,108.7602117,\\N,0,0,\\N,3301060001,3301060,https://goo.gl/maps/dRGmN9wsKZhvpGjp8,"Angin kencang, Tanah longsor, dan Gempa bumi"
193,Balai Desa Mulyadadi,"Cigetel, Mulyadadi, Cipari, Kabupaten Cilacap, Jawa Tengah 53262",-7.434676876,108.7527894,\\N,0,0,\\N,3301060002,3301060,https://goo.gl/maps/Q7v2JJE65MksYBjT6,"Angin kencang, Tanah longsor, dan Gempa bumi"
194,Balai Desa Cipari,"Karangtengah, Cipari, Kabupaten Cilacap, Jawa Tengah 53262",-7.439944017,108.7599498,\\N,0,0,\\N,3301060003,3301060,https://goo.gl/maps/AhkpynXcE5aMPsRc8,"Angin kencang, Tanah longsor, dan Gempa bumi"
195,Balai Desa Segaralangu,"Dukuh Sawah, Segaralangu, Cipari, Kabupaten Cilacap, Jawa Tengah 53262",-7.442669141,108.7829382,\\N,0,0,\\N,3301060004,3301060,https://goo.gl/maps/MnfBACWzUkupvs7p6,"Angin kencang, Tanah longsor, dan Gempa bumi"
196,Balai Desa Karangreja,"Jl. Ampera No.1, Gunungwilis, Karangreja, Cipari, Kabupaten Cilacap, Jawa Tengah 53262",-7.41867769710757,108.802199710305,\\N,0,0,\\N,3301060005,3301060,https://goo.gl/maps/7FaZN7FmQkqgxyw56,"Angin kencang, Tanah longsor, dan Gempa bumi"
197,Balai Desa Kutasari,"Tawangsari, Kutasari, Cipari, Kabupaten Cilacap, Jawa Tengah 53262",-7.394689384,108.8031922,\\N,0,0,\\N,3301060006,3301060,https://goo.gl/maps/5u9eZnWGijoc4YiL7,"Angin kencang, Tanah longsor, dan Gempa bumi"
198,Balai Desa Pegadingan,"Cibatu, Pegadingan, Cipari, Kabupaten Cilacap, Jawa Tengah 53262",-7.406187976,108.7603955,\\N,0,0,\\N,3301060007,3301060,https://goo.gl/maps/cbpTKJ2RoSKPnybs9,"Angin kencang, Tanah longsor, dan Gempa bumi"
199,Balai Desa Cisuru,"Jalan Sultan Agung Cisuru No. 02 Kode Pos, Cimanggu, Cisuru, Cipari, Kabupaten Cilacap, Jawa Tengah 53262",-7.398928326,108.7365499,\\N,0,0,\\N,3301060008,3301060,https://goo.gl/maps/19XyN95nxWRmyS917,"Angin kencang, Tanah longsor, dan Gempa bumi"
200,Balai Desa Mekarsari,"Sawangan, Mekarsari, Cipari, Kabupaten Cilacap, Jawa Tengah 53262",-7.400022668,108.7449833,\\N,0,0,\\N,3301060009,3301060,https://goo.gl/maps/VGde8ZdLCrzQLLQ88,"Angin kencang, Tanah longsor, dan Gempa bumi"
201,Balai Desa Sidasari,"Purwosari, Sidasari, Cipari, Kabupaten Cilacap, Jawa Tengah 53262",-7.384284459,108.7801567,\\N,0,0,\\N,3301060010,3301060,https://goo.gl/maps/VN4YNCkpEsiFuhkL8,"Angin kencang, Tanah longsor, dan Gempa bumi"
202,Balai Desa Caruy,"Bangunan Kantor Desa, Cigintung, Caruy, Cipari, Kabupaten Cilacap, Jawa Tengah 53262",-7.375954694,108.8028629,\\N,0,0,\\N,3301060011,3301060,https://goo.gl/maps/f4NGRMUyspUcdzUA9,"Angin kencang, Tanah longsor, dan Gempa bumi"
203,Balai Desa Tegalsari,"Tegalsari, Kec. Sidareja, Kabupaten Cilacap, Jawa Tengah 53261",-7.485581773,108.7744421,\\N,0,0,\\N,3301070001,3301070,https://goo.gl/maps/auCDSEFUCCuKAywi8,"Angin kencang, Tanah longsor, dan Gempa bumi"
204,Balai Desa Margasari,"Waru, Margasari, Kec. Sidareja, Kabupaten Cilacap, Jawa Tengah 53261",-7.46922455,108.7502054,\\N,0,0,\\N,3301070002,3301070,https://goo.gl/maps/ga78DyU4n1HyM42j8,"Angin kencang, Tanah longsor, dan Gempa bumi"
205,Balai Desa Tinggarjaya,"Kedungwringin, Tinggarjaya, Kec. Sidareja, Kabupaten Cilacap, Jawa Tengah 53261",-7.480595869,108.7669981,\\N,0,0,\\N,3301070003,3301070,https://goo.gl/maps/YTv3Q8pLHq2EPpEC6,"Angin kencang, Tanah longsor, dan Gempa bumi"
206,Balai Desa Gunungreja,"Jl. Kelapa Sawit, Kauman, Gunungreja, Kec. Sidareja, Kabupaten Cilacap, Jawa Tengah 53261",-7.479329968,108.7856679,\\N,0,0,\\N,3301070004,3301070,https://goo.gl/maps/DoUuHjxTkuZ965fLA,"Angin kencang, Tanah longsor, dan Gempa bumi"
207,Balai Desa Sidareja,"Jl. Gatot Subroto, Sidareja, Kec. Sidareja, Kabupaten Cilacap, Jawa Tengah 53261",-7.482720383,108.7920794,\\N,0,0,\\N,3301070005,3301070,https://goo.gl/maps/A8RYVKAeB1A6brHa8,"Angin kencang, Tanah longsor, dan Gempa bumi"
208,Balai Desa Sidamulya,"Bakung, Sidamulya, Kec. Wanareja, Kabupaten Cilacap, Jawa Tengah 53265",-7.350584341,108.6761607,\\N,0,0,\\N,3301020005,3301020,https://goo.gl/maps/GUUkmKGAkzpR8jw99,"Angin kencang, Tanah longsor, dan Gempa bumi"
209,Balai Desa Sudagaran,"Gendiwu Kidul, Sudagaran, Kec. Sidareja, Kabupaten Cilacap, Jawa Tengah 53261",-7.4901238,108.8095576,\\N,0,0,\\N,3301070007,3301070,https://goo.gl/maps/AD7aKgU3cR3ZRgAG9,"Angin kencang, Tanah longsor, dan Gempa bumi"
210,Balai Desa Kunci,"Jl. Raya Kunci No.20, Cikondang, Kunci, Kec. Sidareja, Kabupaten Cilacap, Jawa Tengah 53261",-7.47249594,108.807493,\\N,0,0,\\N,3301070008,3301070,https://goo.gl/maps/aNwYhjFXyAXaLAiZA,"Angin kencang, Tanah longsor, dan Gempa bumi"
211,Balai Desa Karanggedang,"Karanggedang, Sidareja, Linggasari, Karanggedang, Cilacap, Kabupaten Cilacap, Jawa Tengah 53261",-7.456938657,108.8355403,\\N,0,0,\\N,3301070009,3301070,https://goo.gl/maps/v2qGkPYJA66KrabR7,"Angin kencang, Tanah longsor, dan Gempa bumi"
212,Balai Desa Penyarang,"Penyarang, Kec. Sidareja, Kabupaten Cilacap, Jawa Tengah 53261",-7.438920347,108.8299317,\\N,0,0,\\N,3301070010,3301070,https://goo.gl/maps/2LLbotahmapPexRD7,"Angin kencang, Tanah longsor, dan Gempa bumi"
213,Balai Desa Sidanegara,"Sidaurip, Sidanegara, Kedungreja, Kabupaten Cilacap, Jawa Tengah 53263",-7.54121121,108.7530881,\\N,0,0,\\N,3301080001,3301080,https://goo.gl/maps/529iADnxKY3jt1Rw6,"Angin kencang, Tanah longsor, dan Gempa bumi"
214,kelurahan Tambakreja,"Jalan Mayor Laut Jl. May. L Wiratno No.51, Gobog, Tambakreja, Kec. Cilacap Sel., Kabupaten Cilacap, Jawa Tengah 53213",-7.538736939,108.7836077,\\N,0,0,\\N,3301710001,3301710,https://goo.gl/maps/CoUjYjjtaEEu8krJ7,"Angin kencang, Tanah longsor, dan Gempa bumi"
215,Balai Desa Kaliwungu,"Jl. Bandeng No.2, Pandanarang, Kaliwungu, Kedungreja, Kabupaten Cilacap, Jawa Tengah 53263",-7.735575683,109.0175999,\\N,0,0,\\N,3301080003,3301080,https://goo.gl/maps/BukXsSdGGk73TGMYA,"Angin kencang, Tanah longsor, dan Gempa bumi"
216,Balai Desa Bumireja,"Cipari, Bumireja, Kedungreja, Kabupaten Cilacap, Jawa Tengah 53263",-7.5377704,108.7994195,\\N,0,0,\\N,3301080004,3301080,https://goo.gl/maps/xiLhcG56s5sso48cA,"Angin kencang, Tanah longsor, dan Gempa bumi"
217,Balai Desa Jatisari,"Dukuh Tengah, Jatisari, Kedungreja, Kabupaten Cilacap, Jawa Tengah 53263",-7.516566535,108.8002007,\\N,0,0,\\N,3301080005,3301080,https://goo.gl/maps/gutJtyieKuEHxCGz5,"Angin kencang, Tanah longsor, dan Gempa bumi"
218,Balai Desa Ciklapa,"Ciklapa, Kedungreja, Kabupaten Cilacap, Jawa Tengah 53254",-7.506522388,108.8105504,\\N,0,0,\\N,3301080006,3301080,https://goo.gl/maps/4yQjMYTQaHs83oYk7,"Angin kencang, Tanah longsor, dan Gempa bumi"
219,Balai Desa Bangunreja,"Kedungreja, Kabupaten Cilacap, Jawa Tengah 53263",-7.50104298,108.7761072,\\N,0,0,\\N,3301080007,3301080,https://goo.gl/maps/JnB6o1x4cWnQT9MP7,"Angin kencang, Tanah longsor, dan Gempa bumi"
220,Balai Desa Kedungreja,"Kedungreja, Kabupaten Cilacap, Jawa Tengah 53263",-7.504965751,108.7808289,\\N,0,0,\\N,3301080008,3301080,https://goo.gl/maps/VFYz8bFjCgX7yrLm8,"Angin kencang, Tanah longsor, dan Gempa bumi"
221,Balai Desa Tambaksari,"Kubang, Tambaksari, Kec. Wanareja, Kabupaten Cilacap, Jawa Tengah 53265",-7.273342742,108.6392015,\\N,0,0,\\N,3301020010,3301020,https://goo.gl/maps/9ApLp7e2VnUfwTKa6,"Angin kencang, Tanah longsor, dan Gempa bumi"
222,Balai Desa Rejamulya,"Jl. Ampera No.2, Rejamulya, Kedungreja, Kabupaten Cilacap, Jawa Tengah 53263",-7.477178718,108.7393272,\\N,0,0,\\N,3301080010,3301080,https://goo.gl/maps/grfsvUbVWsHXoWJXA,"Angin kencang, Tanah longsor, dan Gempa bumi"
223,Balai Desa Bojongsari,"Pasirgaru, Bojongsari, Kedungreja, Kabupaten Cilacap, Jawa Tengah 53263",-7.458826619,108.7273359,\\N,0,0,\\N,3301080011,3301080,https://goo.gl/maps/Mp2scA2ojwtyox2i9,"Angin kencang, Tanah longsor, dan Gempa bumi"
224,Balai Desa Rawaapu,"Rawaapu, Patimuan, Kabupaten Cilacap, Jawa Tengah 53264",-7.639149989,108.7571309,\\N,0,0,\\N,3301090001,3301090,https://goo.gl/maps/qPeP9B6YUvDgVgk7A,"Angin kencang, Tanah longsor, dan Gempa bumi"
225,Balai Desa Sidamukti,"sidamukti, RW.08, Kedungsalam, Sidamukti, Patimuan, Kabupaten Cilacap, Jawa Tengah 53264",-7.609405948,108.7556989,\\N,0,0,\\N,3301090002,3301090,https://goo.gl/maps/PVkmg4ygbcpmfcvS8,"Angin kencang, Tanah longsor, dan Gempa bumi"
226,Balai Desa Purwodadi,"Jl. Kauman, Purwodadi, Patimuan, Kabupaten Cilacap, Jawa Tengah 53264",-7.600792841,108.7623893,\\N,0,0,\\N,3301090003,3301090,https://goo.gl/maps/q8XHNEuKfzMZUTtC9,"Angin kencang, Tanah longsor, dan Gempa bumi"
227,Balai Desa Cimrutu,"Cimrutu, Patimuan, Kabupaten Cilacap, Jawa Tengah 53264",-7.619308542,108.8027201,\\N,0,0,\\N,3301090004,3301090,https://goo.gl/maps/bXKMr9iuqnCVsJAa6,"Angin kencang, Tanah longsor, dan Gempa bumi"
228,Balai Desa Patimuan,"Jl. Ir. Sutami No.56, Kalenpring, Patimuan, Kabupaten Cilacap, Jawa Tengah 53264",-7.583574535,108.7608936,\\N,0,0,\\N,3301090005,3301090,https://goo.gl/maps/gE7ixFmj2smZYrND8,"Angin kencang, Tanah longsor, dan Gempa bumi"
229,Balai Desa Cinyawang,"Cinyawang, Patimuan, Kabupaten Cilacap, Jawa Tengah 53264",-7.569886659,108.7697578,\\N,0,0,\\N,3301090006,3301090,https://goo.gl/maps/9MoKxuGcZNn43Y268,"Angin kencang, Tanah longsor, dan Gempa bumi"
230,Balai Desa Bulupayung,"Bulupayung, Kesugihan, Bulupayung, Cilacap, Kabupaten Cilacap, Jawa Tengah 53272",-7.596610409,109.1397925,\\N,0,0,\\N,3301090007,3301090,https://goo.gl/maps/A7N6Gygoc4YDNdLx8,"Angin kencang, Tanah longsor, dan Gempa bumi"
231,Balai Desa Cisumur,"Jl. Kartadiwirya, Wanadadi, Cisumur, Kec. Gandrungmangu, Kabupaten Cilacap, Jawa Tengah 53254",-7.532618723,108.8210025,\\N,0,0,\\N,3301100001,3301100,https://goo.gl/maps/zpZ48qQqL5i7KgHt7,"Angin kencang, Tanah longsor, dan Gempa bumi"
232,Balai Desa Sidaurip,"Sidaurip Kulon, Sidaurip, Binangun, Kabupaten Cilacap, Jawa Tengah 53281",-7.548704606,108.8385509,\\N,0,0,\\N,3301190004,3301190,https://goo.gl/maps/AgCfRD8cQ2mXK2sv9,"Angin kencang, Tanah longsor, dan Gempa bumi"
233,Balai Desa Gintungreja,"Gintungreja, Kec. Gandrungmangu, Kabupaten Cilacap, Jawa Tengah 53254",-7.570663353,108.865881,\\N,0,0,\\N,3301100003,3301100,https://goo.gl/maps/4fay1gFtVb3RQMbh8,"Angin kencang, Tanah longsor, dan Gempa bumi"
234,Balai Desa Layansari,"Cawilayan, Layansari, Kec. Gandrungmangu, Kabupaten Cilacap, Jawa Tengah 53254",-7.547984985,108.8579578,\\N,0,0,\\N,3301100004,3301100,https://goo.gl/maps/hRmUyQKX8M7i3ofz9,"Angin kencang, Tanah longsor, dan Gempa bumi"
235,Balai Desa Gandrungmanis,"Gandrungmanis Lor, Gandrungmanis, Kec. Gandrungmangu, Kabupaten Cilacap, Jawa Tengah 53254",-7.525009839,108.855699,\\N,0,0,\\N,3301100005,3301100,https://goo.gl/maps/z7KYiGvAAZmiPZmo7,"Angin kencang, Tanah longsor, dan Gempa bumi"
236,Balai Desa Bulusari,"Alurbulu, Bulusari, Kec. Gandrungmangu, Kabupaten Cilacap, Jawa Tengah 53254",-7.513496613,108.8431536,\\N,0,0,\\N,3301100006,3301100,https://goo.gl/maps/quNw5zT9KxHMSJ686,"Angin kencang, Tanah longsor, dan Gempa bumi"
237,Balai Desa Gandrungmangu,"Jl. Raya Gandrungmangu, Kabenaran, Gandrungmangu, Cilacap, Kabupaten Cilacap, Jawa Tengah 53254",-7.508866348,108.8413272,\\N,0,0,\\N,3301100007,3301100,https://goo.gl/maps/SDRbG7fJEsUPJ8zZA,"Angin kencang, Tanah longsor, dan Gempa bumi"
238,Balai Desa Wringinharjo,"Jl. Wringinharjo, Tambangan, Wringinharjo, Kec. Gandrungmangu, Kabupaten Cilacap, Jawa Tengah 53254",-7.483763433,108.8238029,\\N,0,0,\\N,3301100008,3301100,https://goo.gl/maps/Uyy1X5hy1qMWYzAy5,"Angin kencang, Tanah longsor, dan Gempa bumi"
239,Balai Desa Karanganyar,"Ciloning, Karanganyar, Kec. Gandrungmangu, Kabupaten Cilacap, Jawa Tengah 53254",-7.474643141,108.8519363,\\N,0,0,\\N,3301100009,3301100,https://goo.gl/maps/AvApBwMxnXr8FY8E8,"Angin kencang, Tanah longsor, dan Gempa bumi"
240,Balai Desa Muktisari,"Jl. Ciloning No.desa, dusun Bendagede, Muktisari, Kec. Gandrungmangu, Kabupaten Cilacap, Jawa Tengah 53254",-7.505329682,108.8572533,\\N,0,0,\\N,3301100010,3301100,https://goo.gl/maps/yLqT1BcEKEa9tMf3A,"Angin kencang, Tanah longsor, dan Gempa bumi"
241,Balai Desa Kertajaya,"Igirtugel Utara, Kertajaya, Kec. Gandrungmangu, Kabupaten Cilacap, Jawa Tengah 53254",-7.484406696,108.8985654,\\N,0,0,\\N,3301100011,3301100,https://goo.gl/maps/bt3qdH5Ya6jdgcXm7,"Angin kencang, Tanah longsor, dan Gempa bumi"
242,Balai Desa Cinangsi,"Cinangsi Timur, Cinangsi, Kec. Gandrungmangu, Kabupaten Cilacap, Jawa Tengah 53254",-7.461127087,108.8814047,\\N,0,0,\\N,3301100012,3301100,https://goo.gl/maps/A6Mg3ZgT6Y5m35Ze6,"Angin kencang, Tanah longsor, dan Gempa bumi"
243,Balai Desa Karanggintung,"Karanggintung, Kec. Gandrungmangu, Kabupaten Cilacap, Jawa Tengah 53254",-7.458289043,108.8593753,\\N,0,0,\\N,3301100013,3301100,https://goo.gl/maps/jGXTKJQRLCVbmpm1A,"Angin kencang, Tanah longsor, dan Gempa bumi"
244,Balai Desa Rungkang,"Rungkang, Kec. Gandrungmangu, Kabupaten Cilacap, Jawa Tengah 53254",-7.438726424,108.8561115,\\N,0,0,\\N,3301100014,3301100,https://goo.gl/maps/kBPyN3zTVQ98AYWb6,"Angin kencang, Tanah longsor, dan Gempa bumi"
245,Balai Desa Bantarsari,"Patengangan, Bantarsari, Kabupaten Cilacap, Jawa Tengah 53281",-7.539932226,108.8705564,\\N,0,0,\\N,3301110001,3301110,https://goo.gl/maps/KFYKB4Ac8WQXPhwE9,"Angin kencang, Tanah longsor, dan Gempa bumi"
246,Balai Desa Rawajaya,"Jl. Cireong Rawasari, Rawajaya, Bantarsari, Kabupaten Cilacap, Jawa Tengah 53281",-7.562052055,108.8795462,\\N,0,0,\\N,3301110002,3301110,https://goo.gl/maps/UmMbJUxpSgx5wSo66,"Angin kencang, Tanah longsor, dan Gempa bumi"
247,Balai Desa Binangun,"Binangun Wetan, Binangun, Kabupaten Cilacap, Jawa Tengah 53281",-7.66775382569471,109.26870459393,\\N,0,0,\\N,3301190012,3301110,https://goo.gl/maps/n9A1TVeSDx47CTm49,"Angin kencang, Tanah longsor, dan Gempa bumi"
248,Balai Desa Bulaksari,"Dusun Bangsari, Desa Bulaksari, Sidadad, Bulaksari, Bantarsari, Kabupaten Cilacap, Jawa Tengah 53281",-7.523812975,108.8887375,\\N,0,0,\\N,3301110004,3301110,https://goo.gl/maps/8vskQvqMW4L3geP4A,"Angin kencang, Tanah longsor, dan Gempa bumi"
249,Balai Desa Kamulyan,"Kemantren Satu, Kamulyan, Bantarsari, Kabupaten Cilacap, Jawa Barat 53254",-7.526990212,108.8634969,\\N,0,0,\\N,3301110005,3301110,https://goo.gl/maps/6jxjF13hr2WJQHYj8,"Angin kencang, Tanah longsor, dan Gempa bumi"
250,Balai Desa Cikedondong,"Igirtugel Selatan, Cikedondong, Bantarsari, Kabupaten Cilacap, Jawa Tengah 53254",-7.498462505,108.8977245,\\N,0,0,\\N,3301110006,3301110,https://goo.gl/maps/LhcE5ERxFunNEjh7A,"Angin kencang, Tanah longsor, dan Gempa bumi"
251,Balai Desa Kedungwadas,"Gunungsari, Kedungwadas, Bantarsari, Kabupaten Cilacap, Jawa Tengah 53281",-7.482208407,108.9186532,\\N,0,0,\\N,3301110007,3301110,https://goo.gl/maps/8PLLEmEvBWL68NAf7,"Angin kencang, Tanah longsor, dan Gempa bumi"
252,Balai Desa Grugu,"Grugu, Kawunganten, Rawareja, Grugu, Cilacap, Kabupaten Cilacap, Jawa Tengah 53253",-7.645197858,108.9126578,\\N,0,0,\\N,3301120004,3301120,https://goo.gl/maps/zmiL9pAESeDodD5j9,"Angin kencang, Tanah longsor, dan Gempa bumi"
253,Balai Desa Ujungmanik,"Pengolahan, Ujungmanik, Kec. Kawunganten, Kabupaten Cilacap, Jawa Tengah 53253",-7.644039491,108.9514281,\\N,0,0,\\N,3301120006,3301120,https://goo.gl/maps/jaLnGV1b8jQP7phYA,"Angin kencang, Tanah longsor, dan Gempa bumi"
254,Balai Desa Kubangkangkung,"Sidasari, Kubangkangkung, Kec. Kawunganten, Kabupaten Cilacap, Jawa Tengah 53253",-7.620968609,108.9430662,\\N,0,0,\\N,3301120007,3301120,https://goo.gl/maps/qEmyUZ5mA9FR8cbJA,"Angin kencang, Tanah longsor, dan Gempa bumi"
255,Balai Desa Bojong,"Mekarsari, Bojong, Kec. Kawunganten, Kabupaten Cilacap, Jawa Tengah 53253",-7.608163551,108.9271265,\\N,0,0,\\N,3301120008,3301120,https://goo.gl/maps/89zeeM42JNeG6NE77,"Angin kencang, Tanah longsor, dan Gempa bumi"
256,Balai Desa Cidadap,"Jl. Suraleksana 1, Sidadap, Cidadap, Kec. Karangpucung, Kabupaten Cilacap, Jawa Tengah 53255",-7.35323967384924,108.856478502381,\\N,0,0,\\N,3301050001,3301050,https://goo.gl/maps/eeHgMPChDUA2CtJ77,"Angin kencang, Tanah longsor, dan Gempa bumi"
257,Balai Desa Matenggeng,"Cirateun, Matenggeng, Kec. Dayeuhluhur, Kabupaten Cilacap, Jawa Tengah 53266",-7.27688309403093,108.594360677847,\\N,0,0,\\N,3301010004,3301010,https://goo.gl/maps/8i5xd75bJR3ZCzr49,"Angin kencang, Tanah longsor, dan Gempa bumi"
258,Balai Desa Ciwalen,"Ciwalen, Dayeuhluhur, Cinagarajaya, Ciwalen, Cilacap, Kabupaten Cilacap, Jawa Tengah 53266",-7.28795601964352,108.612717008512,\\N,0,0,\\N,3301010005,3301010,https://goo.gl/maps/JLWm2EuC6AYrNWSz8,"Angin kencang, Tanah longsor, dan Gempa bumi"
259,Balai Desa Dayeuhluhur,"Beubeur, Dayeuhluhur, Kec. Dayeuhluhur, Kabupaten Cilacap, Jawa Tengah 53266",-7.25973173823949,108.611697437291,\\N,0,0,\\N,3301010006,3301010,https://goo.gl/maps/ifg6aREXrBk3rEc37,"Angin kencang, Tanah longsor, dan Gempa bumi"
260,Balai Desa Hanum,"Desa, Sukaharja, Hanum, Kec. Dayeuhluhur, Kabupaten Cilacap, Jawa Tengah 53266",-7.22878372400323,108.620086466217,\\N,0,0,\\N,3301010007,3301010,https://goo.gl/maps/AcyZy4ZRnVvNLfCt7,"Angin kencang, Tanah longsor, dan Gempa bumi"
261,Balai Desa Datar,"Cikondang, Datar, Kec. Dayeuhluhur, Kabupaten Cilacap, Jawa Tengah 53266",-7.20793954586918,108.631570701929,\\N,0,0,\\N,3301010008,3301010,https://goo.gl/maps/h44t27ZjA8VTKf2v7,"Angin kencang, Tanah longsor, dan Gempa bumi"
262,Balai Desa Bingkeng,"Unnamed Road, Pasirmanggu, Bingkeng, Kec. Dayeuhluhur, Kabupaten Cilacap, Jawa Tengah 53266",-7.23711121601045,108.59272960668,\\N,0,0,\\N,3301010009,3301010,https://goo.gl/maps/m6TmFwRWRDYB8MNA6,"Angin kencang, Tanah longsor, dan Gempa bumi"
263,Balai Desa Bolang,"Cimahi, Bolang, Kec. Dayeuhluhur, Kabupaten Cilacap, Jawa Tengah 53266",-7.20214762799501,108.585644335524,\\N,0,0,\\N,3301010010,3301010,https://goo.gl/maps/A7cLHi53NBgPQhME7,"Angin kencang, Tanah longsor, dan Gempa bumi"
264,Balai Desa Kutaagung,"Kutaagung, Kec. Dayeuhluhur, Kabupaten Cilacap, Jawa Tengah 53266",-7.18229445699388,108.575706082257,\\N,0,0,\\N,3301010011,3301010,https://goo.gl/maps/FPU8hsMVQrGF8VUQ8,"Angin kencang, Tanah longsor, dan Gempa bumi"
265,Balai Desa Cijeruk,"Kujang, Cijeruk, Kec. Dayeuhluhur, Kabupaten Cilacap, Jawa Tengah 53266",-7.19735614836317,108.600448937355,\\N,0,0,\\N,3301010012,3301010,https://goo.gl/maps/D5mmHWGMh8PHgS9j6,"Angin kencang, Tanah longsor, dan Gempa bumi"
266,Balai Desa Cilumping,"Cilumping, Kec. Dayeuhluhur, Kabupaten Cilacap, Jawa Tengah 53266",-7.18714752104168,108.621772204838,\\N,0,0,\\N,3301010013,3301010,https://goo.gl/maps/FMNyjvq13qMgMhjb8,"Angin kencang, Tanah longsor, dan Gempa bumi"
267,"\\\
Balai Desa Sumpinghayu\\\
","Unnamed Road, Kaduluhur, Sumpinghayu, Kec. Dayeuhluhur, Kabupaten Cilacap, Jawa Tengah 53266",-7.19163984864924,108.634856528347,\\N,0,0,\\N,3301010014,3301010,https://goo.gl/maps/hcBXFaficGkPrmS58,"Angin kencang, Tanah longsor, dan Gempa bumi"
268,Balai Desa Purwasari,"Gayamsari, Purwasari, Kec. Wanareja, Kabupaten Cilacap, Jawa Tengah 53265",-7.43575761635282,108.731569324045,\\N,0,0,\\N,3301020001,3301020,https://goo.gl/maps/7k9NcxqhvwY2KByG8,"Angin kencang, Tanah longsor, dan Gempa bumi"
269,Balai Desa Cilongkrang,"Jl. Raya Cilongkrang No.Jl. Raya Cilongkrang, Cilongkrang, Kec. Wanareja, Kabupaten Cilacap, Jawa Tengah 53265",-7.40700443815276,108.714349829989,\\N,0,0,\\N,3301020002,3301020,https://goo.gl/maps/7s3hSuZZmttJBCDW7,"Angin kencang, Tanah longsor, dan Gempa bumi"
270,Balai Desa Tarisi,"Meluwung, Tarisi, Kec. Wanareja, Kabupaten Cilacap, Jawa Tengah 53265",-7.39470838816254,108.701334864386,\\N,0,0,\\N,3301020003,3301020,https://goo.gl/maps/rvgV5ThWudXBTLZQA,"Angin kencang, Tanah longsor, dan Gempa bumi"
271,Balai Desa Bantar,"Jl. Cipari-Mulyadadi, Winangun, Bantar, Kec. Wanareja, Kabupaten Cilacap, Jawa Tengah 53265",-7.35314909577626,108.704342352574,\\N,0,0,\\N,3301020004,3301020,https://goo.gl/maps/G7wm5bEsigd5K8tm9,"Angin kencang, Tanah longsor, dan Gempa bumi"
272,Balai Desa Adimulya,"Jl. Kapten Idris No.3, Cihandiwung Lor, Adimulya, Kec. Wanareja, Kabupaten Cilacap, Jawa Tengah 53265",-7.33296091584988,108.688432489476,\\N,0,0,\\N,3301020006,3301020,https://goo.gl/maps/w4oyGj6JbGiawdFZA,"Angin kencang, Tanah longsor, dan Gempa bumi"
273,Balai Desa Wanareja,"Sogati, Wanareja, Kec. Wanareja, Kabupaten Cilacap, Jawa Tengah 53265",-7.32853370869163,108.683394577871,\\N,0,0,\\N,3301020007,3301020,https://goo.gl/maps/47o1NZA6BFoyYbUp8,"Angin kencang, Tanah longsor, dan Gempa bumi"
274,Balai Desa Madura,"Jl. Nasional III, Karanganyar, Madura, Kec. Wanareja, Kabupaten Cilacap, Jawa Tengah 53265",-7.33064873985645,108.64404638881,\\N,0,0,\\N,3301020008,3301020,https://goo.gl/maps/Pc5nquZTC6sGo4HE9,"Angin kencang, Tanah longsor, dan Gempa bumi"
275,Balai Desa Madusari,"Candipura, Madusari, Kec. Wanareja, Kabupaten Cilacap, Jawa Tengah 53265",-7.309033604291,108.647186806696,\\N,0,0,\\N,3301020009,3301020,https://goo.gl/maps/9isDUGhyH1ssssh89,"Angin kencang, Tanah longsor, dan Gempa bumi"
276,Balai Desa Majingklak,"Majingklak, Kec. Wanareja, Kabupaten Cilacap, Jawa Tengah 53265",-7.30255130039117,108.674888634634,\\N,0,0,\\N,3301020011,3301020,https://goo.gl/maps/5ycswsUY7iKwaHEHA,"Angin kencang, Tanah longsor, dan Gempa bumi"
277,Balai Desa Malabar,"Malabar, Kec. Wanareja, Kabupaten Cilacap, Jawa Tengah 53265",-7.29327182105749,108.688126369373,\\N,0,0,\\N,3301020012,3301020,https://goo.gl/maps/rigz4AgrssMRpspb8,"Angin kencang, Tanah longsor, dan Gempa bumi"
278,Balai Desa Limbangan,"Jln Brujulan Limbangan,, Limbangan, Kec. Wanareja, Kabupaten Cilacap, Jawa Tengah 53265",-7.29808782936488,108.709975295106,\\N,0,0,\\N,3301020013,3301020,https://goo.gl/maps/Sz2ZtsMx5yFts7NM8,"Angin kencang, Tanah longsor, dan Gempa bumi"
279,Balai Desa Cigantung,"Cigintung, Kec. Wanareja, Kabupaten Cilacap, Jawa Tengah 53222",-7.20687383686491,108.710676022947,\\N,0,0,\\N,3301020014,3301020,https://goo.gl/maps/6y7TD9r9WTMxLgtz8,"Angin kencang, Tanah longsor, dan Gempa bumi"
280,Balai Desa Palugon,"RT 02/01, Desa, Palugon, Kec. Wanareja, Kabupaten Cilacap, Jawa Tengah 53265",-7.22948199700894,108.675272812577,\\N,0,0,\\N,3301020015,3301020,https://goo.gl/maps/ChkF65tr6nfnzebY8,"Angin kencang, Tanah longsor, dan Gempa bumi"
281,Balai Desa Jambu,"Timbang Satu, Jambu, Kec. Wanareja, Kabupaten Cilacap, Jawa Tengah 53265",-7.14328837495303,108.685047323831,\\N,0,0,\\N,3301020016,3301020,https://goo.gl/maps/1UPUTxuJVPhbmQBB9,"Angin kencang, Tanah longsor, dan Gempa bumi"
282,Balai Desa Pahonjean,"Jl. Raya, Pahonjean, Kec. Majenang, Kabupaten Cilacap, Jawa Tengah 53257",-7.32460544266561,108.738586791379,\\N,0,0,\\N,3301030001,3301030,https://goo.gl/maps/YWfHk7tkJUxLVB8U7,"Angin kencang, Tanah longsor, dan Gempa bumi"
283,Balai Desa Mulyadadi,"Mulyadadi, Kec. Majenang, Kabupaten Cilacap, Jawa Tengah 53257",-7.31912551122378,108.751735280741,\\N,0,0,\\N,3301030002,3301030,https://goo.gl/maps/rUpHkzTsfN54V5VA6,"Angin kencang, Tanah longsor, dan Gempa bumi"
284,Balai Desa Mulyasari,"Bojongsari, Mulyasari, Kec. Majenang, Kabupaten Cilacap, Jawa Tengah 53257",-7.31601645022711,108.771020721842,\\N,0,0,\\N,3301030003,3301030,https://goo.gl/maps/PWEmR2yQvG5wT8GQ8,"Angin kencang, Tanah longsor, dan Gempa bumi"
285,Balai Desa Padangsari,"Jl. Kyai M. Syuhud, Area Sawah, Padangsari, Kec. Majenang, Kabupaten Cilacap, Jawa Tengah 53257",-7.32862653160182,108.780258568346,\\N,0,0,\\N,3301030004,3301030,https://goo.gl/maps/dCcsbupgcf56eZhK9,"Angin kencang, Tanah longsor, dan Gempa bumi"
286,Balai Desa Cilopadang,"Jl. Majenang - Cimanggu No.78, Cilopadang, Kec. Majenang, Kabupaten Cilacap, Jawa Tengah 53257",-7.30409547659059,108.790295693221,\\N,0,0,\\N,3301030005,3301030,https://goo.gl/maps/6GgWar7PNnAknFLc8,"Angin kencang, Tanah longsor, dan Gempa bumi"
287,Balai Desa Padangjaya,"Jl. Garuda, Kutasari, Padangjaya, Kec. Majenang, Kabupaten Cilacap, Jawa Tengah 53257",-7.31256171592387,108.785646736932,\\N,0,0,\\N,3301030006,3301030,https://goo.gl/maps/5ZGupLei17k65HdW9,"Angin kencang, Tanah longsor, dan Gempa bumi"
288,Balai Desa Sindangsari,"Tanjungsari, Sindangsari, Kec. Majenang, Kabupaten Cilacap, Jawa Tengah 53257",-7.3004392352876,108.767434108962,\\N,0,0,\\N,3301030007,3301030,https://goo.gl/maps/sz9CjRwSVbbNDruS9,"Angin kencang, Tanah longsor, dan Gempa bumi"
289,Balai Desa Jenang,"Jl. Manggis, Jenang Selatan, Jenang, Kec. Majenang, Kabupaten Cilacap, Jawa Tengah 53257",-7.30013823786499,108.758178661144,\\N,0,0,\\N,3301030008,3301030,https://goo.gl/maps/PyyHDianXyxCpwqT9,"Angin kencang, Tanah longsor, dan Gempa bumi"
290,Balai Desa Salebu,"Jl. H. Ibrahim No.163, Karanggedang, Salebu, Kec. Majenang, Kabupaten Cilacap, Jawa Tengah 53257",-7.30206026631351,108.72381800486,\\N,0,0,\\N,3301030009,3301030,https://goo.gl/maps/kRMhnVPRwEa3GjGd8,"Angin kencang, Tanah longsor, dan Gempa bumi"
291,Balai Desa Cibeunying,"Jl. KH. Sufyan Tsauri, Cigaru, Cibeunying, Kec. Majenang, Kabupaten Cilacap, Jawa Tengah 53257",-7.29457669100617,108.742674064395,\\N,0,0,\\N,3301030010,3301030,https://goo.gl/maps/R5T3AtFbomjpLGhx8,"Angin kencang, Tanah longsor, dan Gempa bumi"
292,Balai Desa Sepatnunggal,"Sepatnunggal, Majenang, Sindangjati, Sepatnunggal, Kec. Majenang, Kabupaten Cilacap, Jawa Tengah 53257",-7.24407960087781,108.743782206721,\\N,0,0,\\N,3301030011,3301030,https://goo.gl/maps/csBD3aiGfFLhPaKS6,"Angin kencang, Tanah longsor, dan Gempa bumi"
293,Balai Desa Bener,"Jl. Raya Bener, Pamugaran, Bener, Kec. Majenang, Kabupaten Cilacap, Jawa Tengah 53257",-7.2610832506552,108.75340140983,\\N,0,0,\\N,3301030012,3301030,https://goo.gl/maps/QfRAHJ5SCEYAKcJm7,"Angin kencang, Tanah longsor, dan Gempa bumi"
294,Balai Desa Boja,"Walahir, Boja, Kec. Majenang, Kabupaten Cilacap, Jawa Tengah 53257",-7.24564511598711,108.781813277702,\\N,0,0,\\N,3301030013,3301030,https://goo.gl/maps/Y8mvLZxjrruDYq647,"Angin kencang, Tanah longsor, dan Gempa bumi"
295,Balai Desa Ujungbarang,"Ujungbarang, Majenang, Ujungbarang Satu, Ujungbarang, Cilacap, Kabupaten Cilacap, Jawa Tengah 53257",-7.22221534641913,108.786719094267,\\N,0,0,\\N,3301030014,3301030,https://goo.gl/maps/pMdkdDW9ktcRhPKX6,"Angin kencang, Tanah longsor, dan Gempa bumi"
296,Balai Desa Pengadegan,"Jln. Depok No.01 Pengadegan, Majenang, Kabupaten Cilacap, Jawa Tengah Kode, Balekambang, Pengadegan, Kec. Majenang, Kabupaten Ci",-7.2187114218281,108.768320746837,\\N,0,0,\\N,3301030015,3301030,https://goo.gl/maps/cEWvtVph83rY134T8,"Angin kencang, Tanah longsor, dan Gempa bumi"
297,Balai Desa Sadabumi,"RT 002/001, Desa, Area Gn., Sadabumi, Kec. Majenang, Kabupaten Cilacap, Jawa Tengah 53257",-7.21352888017285,108.750740837394,\\N,0,0,\\N,3301030016,3301030,https://goo.gl/maps/LrnqPH6ttLSGthwMA,"Angin kencang, Tanah longsor, dan Gempa bumi"
298,Balai Desa Sadahayu,"Sadahayu, Kec. Majenang, Kabupaten Cilacap, Jawa Tengah 53257",-7.21606776408313,108.719560493232,\\N,0,0,\\N,3301030017,3301030,https://goo.gl/maps/iG43seDwmPtKAiDA9,"Angin kencang, Tanah longsor, dan Gempa bumi"
299,Balai Desa Karangreja,"Unnamed Road, Karangtengah Kidul, Karangreja, Kec. Cimanggu, Kabupaten Cilacap, Jawa Tengah 53256",-7.35552724454583,108.802682150865,\\N,0,0,\\N,3301040001,3301040,https://goo.gl/maps/Eqycb4bMfxMiEYxY6,"Angin kencang, Tanah longsor, dan Gempa bumi"
300,Balai Desa Cimanggu,"Jl. Raya Cimanggu No.443, Cimanggu Kulon, Cimanggu, Kec. Cimanggu, Kabupaten Cilacap, Jawa Tengah 53256",-7.34761538486786,108.838240670845,\\N,0,0,\\N,3301040002,3301040,https://goo.gl/maps/gq4WBN8eSo7b8TGGA,"Angin kencang, Tanah longsor, dan Gempa bumi"
301,Balai Desa Bantarpanjang,"Jl. Nasional III,  Sindanghaji, Bantarpanjang, Kec. Cimanggu, Kabupaten Cilacap, Jawa Tengah 53256",-7.35963704035809,108.856272535275,\\N,0,0,\\N,3301040003,3301040,https://goo.gl/maps/aqq8dBgDU5N2YXwG9,"Angin kencang, Tanah longsor, dan Gempa bumi"
302,Balai Desa Panimbang,"Gentengwetan, Panimbang, Kec. Cimanggu, Kabupaten Cilacap, Jawa Tengah 53256",-7.36754979874172,108.865839250092,\\N,0,0,\\N,3301040004,3301040,https://goo.gl/maps/Lwjsm3JhKaX4kfZA8,"Angin kencang, Tanah longsor, dan Gempa bumi"
303,Balai Desa Mandala,"Mandala, Cimanggu, Lengkong, Mandala, Cilacap, Kabupaten Cilacap, Jawa Tengah 53256",-7.35699221769542,108.887913462245,\\N,0,0,\\N,3301040005,3301040,https://goo.gl/maps/rGhHUH7vt9aExQHw9,"Angin kencang, Tanah longsor, dan Gempa bumi"
304,Balai Desa Bantarmangu,"Bantarmangu, Kec. Cimanggu, Kabupaten Cilacap, Jawa Tengah 53256",-7.33910512452908,108.866450579729,\\N,0,0,\\N,3301040006,3301040,https://goo.gl/maps/ZDPp4o1gFZoQQ2i5A,"Angin kencang, Tanah longsor, dan Gempa bumi"
305,Balai Desa Cilempuyang,"Jl. Majenang - Cimanggu No.541, Cilempuyang, Kec. Cimanggu, Kabupaten Cilacap, Jawa Tengah 53256",-7.34270284426679,108.83395417973,\\N,0,0,\\N,3301040007,3301040,https://goo.gl/maps/Fefj6Uk5hqwHgkAA6,"Angin kencang, Tanah longsor, dan Gempa bumi"
306,Balai Desa Rejodadi,"Kubangwaru, Rejodadi, Kec. Cimanggu, Kabupaten Cilacap, Jawa Tengah 53256",-7.32135558539366,108.797625522923,\\N,0,0,\\N,3301040008,3301040,https://goo.gl/maps/AZgp48NT8HiY35ci6,"Angin kencang, Tanah longsor, dan Gempa bumi"
307,Balai Desa Negarajati,"Jalan Telagasari No. 6, Negarajati, Cimanggu, Tlagasari, Negarajati, Cilacap, Kabupaten Cilacap, Jawa Tengah 53256",-7.3055291273095,108.832198864896,\\N,0,0,\\N,3301040009,3301040,https://goo.gl/maps/smujLrz4R8NLtf578,"Angin kencang, Tanah longsor, dan Gempa bumi"
308,Balai Desa Cisalak,"Cisalak Cisalak Cisalak, Cimanggu, Cibalimbing, Cisalak, Cilacap, Kabupaten Cilacap, Jawa Tengah 53256",-7.30778508952378,108.865445938382,\\N,0,0,\\N,3301040010,3301040,https://goo.gl/maps/CD7aYrhXyqXETxuV7,"Angin kencang, Tanah longsor, dan Gempa bumi"
309,Balai Desa Cibalung,"Jambuluwuk RT. 04, RW.01, Cingwok, Cibalung, Kec. Cimanggu, Kabupaten Cilacap, Jawa Tengah 53256",-7.32031273435261,108.878673777877,\\N,0,0,\\N,3301040011,3301040,https://goo.gl/maps/N6TChzoYKZqyzTEK9,"Angin kencang, Tanah longsor, dan Gempa bumi"
310,Balai Desa Karangsari,"Unnamed Road, 53256, Hutan, Pamulihan, Kec. Karangpucung, Kabupaten Cilacap, Jawa Tengah 53256",-7.30304639555551,108.914394179872,\\N,0,0,\\N,3301040012,3301040,https://goo.gl/maps/9gj3TdQ7LgnKZDWh7,"Angin kencang, Tanah longsor, dan Gempa bumi"
311,Balai Desa Kutabima,"Kutabima, Kec. Cimanggu, Kabupaten Cilacap, Jawa Tengah 53256",-7.28060766464511,108.882918217548,\\N,0,0,\\N,3301040013,3301040,https://goo.gl/maps/q9J7zix6YuwuhPv48,"Angin kencang, Tanah longsor, dan Gempa bumi"
312,Balai Desa Pesahangan,"Pesahangan, Kec. Cimanggu, Kabupaten Cilacap, Jawa Tengah 53256",-7.27711506915298,108.825660192169,\\N,0,0,\\N,3301040014,3301040,https://goo.gl/maps/tJeCDu5HeJw2viCq9,"Angin kencang, Tanah longsor, dan Gempa bumi"
313,Balai Desa Cijati,"Jalan, Cijati, Pesahangan, Kec. Cimanggu, Kabupaten Cilacap, Jawa Tengah 53256",-7.26792966427585,108.814364579893,\\N,0,0,\\N,3301040015,3301040,https://goo.gl/maps/cYfriSVFqcxFfMnj7,"Angin kencang, Tanah longsor, dan Gempa bumi"
314,Balai Desa Tambaksari,"Kedungreja, Kabupaten Cilacap, Jawa Tengah 53263",-7.27331614119725,108.639013735552,\\N,0,0,\\N,3301080009,3301080,https://goo.gl/maps/zJN71JxuDHWeDhSq5,"Angin kencang, Tanah longsor, dan Gempa bumi"
315,Balai Desa Bulupayung,"Kalenaren, Bulupayung, Patimuan, Kabupaten Cilacap, Jawa Tengah 53264",-7.57998184576161,108.785329550897,\\N,0,0,\\N,3301090007,3301090,https://goo.gl/maps/7xTFi9xu8799tToy8,"Angin kencang, Tanah longsor, dan Gempa bumi"
316,Balai Desa Bunton,"Nusasari, Jl. Laut No.2, Karangsari, Bunton, Kec. Adipala, Kabupaten Cilacap, Jawa Tengah 53271",-7.67114603552222,109.145461758808,\\N,0,0,\\N,3301150003,3301150,https://goo.gl/maps/xvEBQ2Sb9XYL2F48A,"Angin kencang, Tanah longsor, dan Gempa bumi"
317,Balai Desa Karangbenda,"Jl. Diponegoro, Sawah,Ladang, Karangbenda, Kec. Adipala, Kabupaten Cilacap, Jawa Tengah 53271",-7.67262419867692,109.176020777821,\\N,0,0,\\N,3301150005,3301150,https://goo.gl/maps/raF8C3WRfM7h6hhW8,"Angin kencang, Tanah longsor, dan Gempa bumi"
318,Balai Desa Adiraja,"Jl. Srandil, Adiraja, Kec. Adipala, Kabupaten Cilacap, Jawa Tengah 53271",-7.66608784114728,109.168197164251,\\N,0,0,\\N,3301150009,3301150,https://goo.gl/maps/1xKfztEgnbQvgrmq6,"Angin kencang, Tanah longsor, dan Gempa bumi"
319,Balai Desa Tritih Lor,"Jl. Raya Cilacap - Wangon No.17, Tunggulwulung, Tritih Lor, Kec. Jeruklegi, Kabupaten Cilacap, Jawa Tengah 53253",-7.63228325663394,109.031461719229,\\N,0,0,\\N,3301130003,3301130,https://goo.gl/maps/62CKvBEedGnB3yQu6,"Angin kencang, Tanah longsor, dan Gempa bumi"
320,Balai Desa Brebeg,"Ciptosari, Brebeg, Kec. Jeruklegi, Kabupaten Cilacap, Jawa Tengah 53252",-7.62627989867556,109.000424860884,\\N,0,0,\\N,3301130001,3301130,https://goo.gl/maps/6b9QqmesBWCXFF2n6,"Angin kencang, Tanah longsor, dan Gempa bumi"
